sample_id,date,month,season,temp_max,temp_min,humidity,rainfall,disease_probability,health_status,disease_type,severity,NDVI,EVI,SAVI,REP,blue_band,green_band,red_band,nir_band,lat,lon
AGR_0000,2024-04-12,4,Summer,32.7990620433442,23.546299217351223,72.10791250617234,0.0,0.1368450123265755,healthy,none,0.0,0.3897,0.2417,0.2006,715.56,0.07034762407103991,0.12492494459522208,0.15932380956238976,0.3627925580023808,12.200389382920507,76.9961057796456
AGR_0001,2024-06-09,6,Monsoon,28.3539838370305,20.48392454313207,69.69375804273761,0.0,0.08164450809513274,healthy,none,0.0,0.5154,0.3916,0.3243,714.1,0.03720758687847521,0.10111575117227248,0.17390881867650432,0.5438329009954078,12.457117219206806,76.79620728443102
AGR_0002,2024-05-10,5,Summer,36.6680444386527,24.49738557136347,60.599012804620074,0.0,0.0,healthy,none,0.0,0.2931,0.3032,0.2672,712.11,0.10260456387794074,0.13119356744188254,0.13454108197741776,0.24610987849059118,12.29111804389403,76.87768070515882
AGR_0003,2024-02-23,2,Winter,21.52368927422475,11.015441853304708,67.95291853803685,0.0,0.02186383160538625,healthy,none,0.0,0.4878,0.273,0.2022,721.48,0.06923716676674081,0.07959965707915961,0.11477634935811573,0.3333936988969242,12.471348041579123,76.57046211248738
AGR_0004,2024-01-15,1,Winter,19.372969683380447,10.899653583341106,74.54457662517756,0.0,0.0,healthy,none,0.0,0.4786,0.3085,0.292,718.82,0.0766358982380183,0.1549430593651357,0.1401700925029184,0.3974980797368914,12.534420626331803,76.83296117830875
AGR_0005,2024-06-20,6,Monsoon,25.690996679001675,21.669590838460856,87.37249107463177,0.0,0.7361636025047633,diseased,fungal_infection,0.9043140194467589,0.3915,0.3171,0.2807,704.47,0.06159218389865248,0.10804084829954395,0.14756543650101014,0.3374483235680454,12.253945713496652,76.51571459284337
AGR_0006,2024-08-18,8,Monsoon,35.90058466183637,17.94981822237827,78.74361738960128,0.0,0.44239430697909343,stressed,environmental_stress,0.46195232739050196,0.5583,0.3742,0.3301,711.07,0.06779355965305331,0.11051502309570682,0.09070303012564346,0.31999667612585514,12.408254973935183,76.94164012945943
AGR_0007,2024-05-07,5,Summer,34.084609935043936,19.893840718367944,60.085067801033475,0.0,0.1273733620139556,healthy,none,0.0,0.3798,0.1899,0.2498,715.64,0.07421726287060117,0.13358808979600528,0.14335756366595737,0.3189370627963366,12.361601466010377,76.75939531087168
AGR_0008,2024-08-20,8,Monsoon,26.01178505986536,19.707054386516766,78.23186386835435,0.0,0.31775106312199375,healthy,none,0.0,0.5537,0.4181,0.3514,719.34,0.07839825329295022,0.11275859605067362,0.20734061949159682,0.7218129520593636,12.465467291658568,76.72389158228654
AGR_0009,2024-07-16,7,Monsoon,31.19738112564791,21.534593677412808,75.80165938004514,0.0,0.47910319470430474,stressed,environmental_stress,0.41033493981577596,0.4915,0.391,0.3667,706.77,0.08153789897169143,0.1051970255339002,0.1869265043336781,0.5482809856709556,12.293259255199926,76.52038757077739
AGR_0010,2024-05-27,5,Summer,30.61299080569124,19.953095308239185,78.31267421624403,0.0,0.2605483130847675,healthy,none,0.0,0.4158,0.1955,0.2553,722.25,0.06324837216473772,0.14031558196746297,0.22489276469282882,0.5450242660939866,12.31427501089865,76.58747746354797
AGR_0011,2024-04-21,4,Summer,36.585495760257764,26.091659573251317,95.0,0.0,0.42598827942484235,stressed,environmental_stress,0.4017089373146102,0.3703,0.2685,0.191,711.43,0.10434141593960221,0.12678864808496623,0.18389605730306555,0.4001790810265059,12.204598525808315,76.55073577143301
AGR_0012,2024-04-08,4,Summer,34.42803626116989,16.19628941349685,67.25988565224921,0.0,0.0,healthy,none,0.0,0.3942,0.2581,0.2175,712.05,0.09734458997952888,0.14875241508639894,0.16672474087822345,0.3837035882014182,12.45440703841938,76.81816630909294
AGR_0013,2024-01-22,1,Winter,19.63602064457269,17.63602064457269,61.40608237709286,0.0,0.001300189187790702,healthy,none,0.0,0.5164,0.2954,0.3743,720.74,0.06285684887167435,0.08787322505816664,0.1692988966097274,0.5308619661269451,12.670229292176456,76.97696428850129
AGR_0014,2024-01-06,1,Winter,24.62760283335502,17.221022453843215,58.21306651482996,0.0,0.0777049794903608,healthy,none,0.0,0.4214,0.329,0.2741,711.39,0.08346361851702364,0.1315595213918651,0.11464570255195466,0.28164086001961347,12.507503613349584,76.99502692505213
AGR_0015,2024-05-06,5,Summer,35.61490042378211,25.172270526587127,65.77041289219453,0.0,0.1083051243175277,healthy,none,0.0,0.4471,0.2283,0.1985,720.19,0.09027571901824417,0.13545143058918144,0.30410925962618884,0.7959423215862867,12.599147589483387,76.82498196538889
AGR_0016,2024-05-21,5,Summer,33.738923021438616,24.276907661479804,53.40762178193643,0.0,0.0,healthy,none,0.0,0.3924,0.2536,0.1645,719.4,0.07170936389220217,0.12240596137622443,0.11427518905483107,0.2618775069781877,12.461121630027401,76.8849967765493
AGR_0017,2024-04-17,4,Summer,33.66073101042107,19.80890010484859,68.24687884372962,0.7579089406255209,0.2143944089325326,healthy,none,0.0,0.4261,0.2088,0.2435,714.31,0.09704866669592448,0.09622437784701898,0.14541054234132403,0.3613346827547694,12.212675371707729,76.98132420733896
AGR_0018,2024-10-05,10,Post-Monsoon,35.3438732310791,15.96775299685573,41.76756980263862,0.2019521793431432,0.0,healthy,none,0.0,0.5515,0.388,0.4099,718.75,0.11310923250757843,0.10611223733809055,0.15346263258090218,0.5308746364532212,12.279323223821244,76.56008232390282
AGR_0019,2024-10-11,10,Post-Monsoon,28.221351802618937,17.287824116379994,93.08008520708457,0.6765179657972332,0.570505752552014,stressed,environmental_stress,0.4301554947713919,0.4692,0.3635,0.2537,707.69,0.08261481154572183,0.16323819867198347,0.09256551395282242,0.2562118558769531,12.451568129290044,76.92824492059417
AGR_0020,2024-11-20,11,Post-Monsoon,32.917898600696375,22.633424516123377,70.16102197103034,0.0,0.09262325428850338,healthy,none,0.0,0.5798,0.425,0.3336,716.26,0.08892578696003836,0.15408726951357787,0.17005707028104325,0.6393530690861307,12.303342179938372,76.63698056366057
AGR_0021,2024-01-12,1,Winter,28.181915736464234,15.842975603205097,55.659507202691096,0.3841571882948685,0.0,healthy,none,0.0,0.4862,0.314,0.2378,722.11,0.08614599041753218,0.1443858635651688,0.17518515367694448,0.5067344791644119,12.341017286285652,76.58871977188986
AGR_0022,2024-07-10,7,Monsoon,32.832460928177504,21.055920854052946,82.05789773877578,0.0,0.3452276517040671,healthy,none,0.0,0.6006,0.4365,0.3846,712.06,0.06274769756868903,0.14371781968272437,0.17531409749530846,0.7025732209589153,12.448280595341538,76.6948090431096
AGR_0023,2024-07-05,7,Monsoon,22.784083779465192,20.784083779465192,84.00379801925052,0.0,0.26576871734900065,healthy,none,0.0,0.4234,0.4381,0.4397,715.9,0.08498629083243911,0.12973554949123664,0.2170117299867288,0.5357171287948488,12.552915741939346,76.98432597198706
AGR_0024,2024-01-09,1,Winter,26.841524024426274,19.073642364299964,58.5004488964616,0.0,0.020382272752746712,healthy,none,0.0,0.4201,0.3103,0.2076,710.58,0.06563111557495128,0.11359658544864458,0.16243630262392017,0.3977854687984635,12.412111004623487,76.95317719254737
AGR_0025,2024-02-08,2,Winter,29.426068650848656,10.240609144720997,58.667342375735046,0.0,0.159015771901085,healthy,none,0.0,0.4673,0.3227,0.2869,721.82,0.10266684050138147,0.10380763922026218,0.09320153468033238,0.2567197518987267,12.438857445440114,76.54144566084668
AGR_0026,2024-04-26,4,Summer,35.278610658075515,24.950512919075393,72.10441081591347,0.0,0.005435057793857113,healthy,none,0.0,0.467,0.2984,0.3221,713.78,0.09744641273441357,0.12550026017215055,0.2375921173287069,0.6539355274319195,12.338690591490566,76.59406057986187
AGR_0027,2024-03-30,3,Summer,31.766806858579393,17.942648335270007,56.623694458508595,0.0,0.0,healthy,none,0.0,0.3558,0.2548,0.234,714.39,0.047987779819447324,0.07456275468551288,0.17718638676653675,0.37291105740153757,12.266592562611875,76.53810018979958
AGR_0028,2024-03-22,3,Summer,41.738739858422484,16.809054068727466,67.13075137876352,0.0,0.30371584649446254,healthy,none,0.0,0.4644,0.2562,0.2496,717.55,0.10744755593094493,0.09966641721019846,0.19614127488031474,0.5362757336346767,12.484540734582874,76.531755914795
AGR_0029,2024-04-14,4,Summer,33.49995748652074,17.216717023616898,56.00937465569341,2.0004261400033103,0.10052436997181832,healthy,none,0.0,0.3967,0.2561,0.2609,712.28,0.07715241029957413,0.12360886895135696,0.17057755336234995,0.3949041418551205,12.31432140275173,76.83585034220293
AGR_0030,2024-10-14,10,Post-Monsoon,29.995092100067705,16.72190298430674,84.13194872980431,0.0,0.49084339393501625,stressed,environmental_stress,0.5449157205639187,0.4661,0.347,0.2109,704.75,0.09187484351682423,0.15638445221048056,0.15812454191786024,0.4342131314961133,12.504043924770942,76.81832216081114
AGR_0031,2024-11-30,11,Post-Monsoon,30.148718187898215,20.65819068073846,62.943832684372204,0.0,0.15023570520960283,healthy,none,0.0,0.546,0.4196,0.2693,709.1,0.07888904602206763,0.1315219634681792,0.14869221007623626,0.5063395523741439,12.446309046996435,76.66437580514375
AGR_0032,2024-08-22,8,Monsoon,23.82921103118817,21.82921103118817,67.60093997877522,0.0,0.4032142525959219,stressed,environmental_stress,0.4200901466730844,0.4898,0.3731,0.3017,714.24,0.08087405336168547,0.15221046036296257,0.1530419215958554,0.44688721049295443,12.31192453295316,76.91089531842222
AGR_0033,2024-04-01,4,Summer,36.411839902155606,21.29242057554797,63.84854136457502,0.0,0.0,healthy,none,0.0,0.42,0.233,0.1896,717.41,0.061997686838521734,0.12367516495018556,0.22893843566410232,0.5605044459362504,12.278488841358095,76.68864298262103
AGR_0034,2024-12-02,12,Winter,27.554062793801528,13.138908832393344,53.95381741613531,0.0,0.057950440154985405,healthy,none,0.0,0.4299,0.2342,0.2049,724.45,0.11289935427002568,0.11252891881330865,0.17306227852223066,0.43406727251173055,12.455838721057832,76.76605674263266
AGR_0035,2024-09-30,9,Monsoon,28.93375046363061,23.047574820387617,65.34602354509217,1.5683730593927192,0.1813094877439591,healthy,none,0.0,0.5892,0.3726,0.3278,713.75,0.07298421509654263,0.12654668197593288,0.1864225648948432,0.7211848591306835,12.539551159572245,76.89458561930367
AGR_0036,2024-04-18,4,Summer,45.29329980844173,20.127949813334265,71.02340852188998,0.0,0.36469490103871854,healthy,none,0.0,0.294,0.3016,0.2645,716.17,0.051695949609649704,0.1378620340713127,0.06683489108102013,0.12249907798702557,12.666845911879937,76.50376718156704
AGR_0037,2024-10-03,10,Post-Monsoon,29.93557511287602,16.62567029150587,55.610106046183994,0.0,0.0,healthy,none,0.0,0.4991,0.3722,0.2913,718.97,0.07899523781101726,0.1128315585940077,0.11369745351833607,0.34027520976110515,12.684735216637684,76.93275356294698
AGR_0038,2024-05-13,5,Summer,34.96483777478658,23.354233595942496,77.23777430733635,0.0,0.25667559269188267,healthy,none,0.0,0.3071,0.3481,0.2188,720.09,0.09281164013898303,0.09555647616029107,0.2238792132579041,0.42233009041623093,12.583889750721418,76.54364508979484
AGR_0039,2024-05-18,5,Summer,36.06382107741773,21.406111093896055,72.15242141486165,0.0,0.0,healthy,none,0.0,0.2875,0.3295,0.3154,720.75,0.05974763858173937,0.1916963481665497,0.1258234208747315,0.22736512894907623,12.597144724983231,76.55334962505671
AGR_0040,2024-03-09,3,Summer,36.48458349348523,20.18804443985254,66.2988468120935,0.0,0.0,healthy,none,0.0,0.3884,0.273,0.2122,720.56,0.07363042978699322,0.1104282893680097,0.17173932611855108,0.38986736491660623,12.461532712384559,76.67941524206175
AGR_0041,2024-08-24,8,Monsoon,31.104762781241796,23.418584989459244,91.59920148902987,0.0,0.9552533152347442,diseased,leaf_spot,0.8159124247658532,0.4527,0.3519,0.2646,698.88,0.04773178688898416,0.09758676333179211,0.15219677194609027,0.40397633949586215,12.314512695462398,76.7714246553067
AGR_0042,2024-07-16,7,Monsoon,28.49558314036173,21.137873348939284,78.00154629004238,0.0,0.3599627126832447,healthy,none,0.0,0.6232,0.4725,0.3613,718.86,0.07081278200919512,0.09450466891605624,0.18321343266176982,0.7892570167106814,12.216766217367889,76.78494484243566
AGR_0043,2024-01-10,1,Winter,22.4317485222734,19.92628851332233,64.4178157591996,0.0,0.0,healthy,none,0.0,0.4775,0.371,0.2282,733.49,0.08364481209313307,0.042812062758469674,0.13457847040128354,0.38055443065626116,12.585940990299122,76.50610153615902
AGR_0044,2024-04-24,4,Summer,36.6537396128948,27.630387437674198,53.39316201344641,0.0,0.0,healthy,none,0.0,0.4029,0.2947,0.2004,705.99,0.08361061683610863,0.1993071475019565,0.1418861512131939,0.3333647321001335,12.636061954472074,76.9660591412418
AGR_0045,2024-12-21,12,Winter,25.140746304850776,13.192056584084053,84.52773752240142,0.0804739549267873,0.4372581115622523,stressed,environmental_stress,0.3558962638482362,0.3815,0.2668,0.2752,707.33,0.06541051795392339,0.07249779836881465,0.20661931210043397,0.4615110423067898,12.572124825921644,76.60278990418782
AGR_0046,2024-11-08,11,Post-Monsoon,32.55673946709081,11.037787878065608,61.5518064283042,0.0,0.06281400134806694,healthy,none,0.0,0.5255,0.4208,0.3141,710.1,0.07508513871828111,0.11181829290756988,0.04212453428233713,0.1354288241258278,12.65742295053405,76.68119694955831
AGR_0047,2024-03-03,3,Summer,34.78282053392875,19.27928951757474,54.190516470452245,0.0,0.044539882441174045,healthy,none,0.0,0.3951,0.3379,0.1708,718.17,0.10259298969944741,0.10265058231218097,0.11357768621040479,0.26194780960842406,12.354968463134306,76.6986590577288
AGR_0048,2024-07-29,7,Monsoon,26.65591858059931,15.751803851339652,73.53033142030492,0.0,0.3465389755519094,healthy,none,0.0,0.5091,0.4254,0.3634,726.71,0.049306430360344884,0.2038809812500583,0.21366869292752624,0.656849510077266,12.251490739665657,76.66718140565524
AGR_0049,2024-02-24,2,Winter,24.946229279314437,14.550366099712615,72.91647141397492,0.0,0.0,healthy,none,0.0,0.5313,0.3314,0.3164,721.22,0.057418964575655415,0.10426439201160678,0.16957498244911673,0.5540221263587208,12.526373053925937,76.61909139052337
AGR_0050,2024-10-17,10,Post-Monsoon,32.44159172437082,15.178758676296294,68.51978007732629,0.0,0.025275550753788668,healthy,none,0.0,0.4882,0.3892,0.3482,716.07,0.08652266044484236,0.08246659270844091,0.18696108076827603,0.5436410324332714,12.60872178086922,76.67090867584893
AGR_0051,2024-08-21,8,Monsoon,27.44529359067103,19.08297630494705,93.70832222098035,8.879071555137775,1.0,diseased,early_blight,0.9444272079898887,0.3547,0.2654,0.2589,694.57,0.08077103030701784,0.0799713595333213,0.14514213442062643,0.30470176584475844,12.442389183575173,76.75622882794096
AGR_0052,2024-01-09,1,Winter,31.46571861529922,17.016771853241316,55.65718245348075,0.0,0.0,healthy,none,0.0,0.4446,0.3137,0.2439,713.72,0.08391690510195363,0.09064881667154903,0.16633011022857885,0.43262599430357396,12.52571019417593,76.9148709018536
AGR_0053,2024-03-27,3,Summer,28.189665583048637,19.303600275272608,51.355491537650416,0.0,0.0711622650470823,healthy,none,0.0,0.3278,0.3524,0.2274,716.0,0.10286131805779838,0.10743885477580653,0.20819711233302665,0.41125279047276514,12.376935688280623,76.97931358865661
AGR_0054,2024-07-11,7,Monsoon,28.560300293431236,18.489234135293355,80.10785757606442,2.1977423886142673,0.6593338903151778,stressed,environmental_stress,0.5157137715552736,0.5173,0.3172,0.3799,706.39,0.08190641613895439,0.12537110389646894,0.17430267457325432,0.5478961013673064,12.225712906742125,76.74818312360061
AGR_0055,2024-12-30,12,Winter,20.44246005104147,16.123755328352935,49.26757498877486,0.0,0.0,healthy,none,0.0,0.3772,0.3529,0.2373,712.89,0.12605823795446225,0.1495716815047069,0.12622141807447113,0.2791139000837534,12.681049392882057,76.89500677939593
AGR_0056,2024-02-26,2,Winter,21.041956332587784,14.321264342973972,80.9685301704005,0.0,0.21196056688870696,healthy,none,0.0,0.4717,0.3357,0.2989,719.91,0.07859668577082705,0.07017117199452025,0.16718472876530344,0.46573114768861834,12.290287672563666,76.78397261527631
AGR_0057,2024-09-06,9,Monsoon,28.623063061489333,18.53411976244225,82.10831420192456,0.0,0.6807220212761391,stressed,environmental_stress,0.42652879791915377,0.5113,0.3744,0.3476,708.88,0.06672748097235846,0.18573198016679152,0.16360270522100923,0.5059397757325786,12.525083675221614,76.68234862472865
AGR_0058,2024-04-17,4,Summer,30.830060503091445,25.833780487714495,61.08459120129807,0.0,0.013498472081968858,healthy,none,0.0,0.4667,0.2755,0.2773,710.19,0.08534100531738517,0.1466889238687031,0.15329135957101697,0.42158716872831536,12.669533849256448,76.89939161788683
AGR_0059,2024-02-08,2,Winter,28.196441125196053,22.793113929703154,55.2444358389496,0.0,0.0,healthy,none,0.0,0.4337,0.3119,0.1821,708.31,0.07400522846781594,0.13363690446898965,0.17976153082596644,0.45510172478401567,12.494554267235447,76.6386328228484
AGR_0060,2024-03-13,3,Summer,34.019721526734656,19.35052826471057,55.27172215910944,0.0,0.08018573320401666,healthy,none,0.0,0.436,0.2758,0.23,714.32,0.07047244598061266,0.13791918124395922,0.14487153895619556,0.3688573225905971,12.218365968713305,76.97863513149166
AGR_0061,2024-09-18,9,Monsoon,26.49658009816429,21.03054570597353,94.55345570040855,3.651757453538804,1.0,diseased,fungal_infection,0.7040933471806109,0.4949,0.2915,0.355,706.6,0.06668123034409208,0.052629984030184915,0.11486515251628862,0.3399562789479308,12.336479687428156,76.73833841416518
AGR_0062,2024-07-13,7,Monsoon,29.630497308368025,22.167219307810942,78.19554833070244,0.0,0.4104735298638131,stressed,environmental_stress,0.4118065551036942,0.545,0.3438,0.2996,709.36,0.0938952206169308,0.08817519612497711,0.010767646849596635,0.036562668972806155,12.496203892329758,76.91234048296258
AGR_0063,2024-02-25,2,Winter,22.389330273569463,16.63400233295517,95.0,0.0,0.41573615012902965,stressed,environmental_stress,0.5604482412154641,0.421,0.248,0.2215,705.01,0.06099338063606563,0.1295341550760565,0.12481933807803663,0.3063355430205355,12.294610769892502,76.94081856638518
AGR_0064,2024-02-14,2,Winter,24.498645759049438,15.440141059299968,83.09763449762535,0.0,0.1183064329012764,healthy,none,0.0,0.4646,0.3153,0.2565,717.63,0.096355053917521,0.07531820821052082,0.15098568393714337,0.4130250890816963,12.329901790532078,76.8170028515498
AGR_0065,2024-12-09,12,Winter,25.269868444380368,14.336408004822603,67.84581325337088,0.0,0.0,healthy,none,0.0,0.4272,0.2928,0.3098,720.4,0.06592210699399133,0.10333359801559737,0.1696717222159845,0.42275747546552567,12.585427054270495,76.97364894412817
AGR_0066,2024-07-10,7,Monsoon,26.911128163093878,20.349278538735657,70.52032879215434,0.0,0.296501496106323,healthy,none,0.0,0.5637,0.4157,0.4166,717.29,0.06889600946613603,0.1764347120832177,0.09207944398335023,0.33001289607326323,12.281811910595835,76.89740477437496
AGR_0067,2024-06-05,6,Monsoon,23.668171437216607,21.668171437216607,81.04237304865774,0.0,0.15156908194136318,healthy,none,0.0,0.5739,0.349,0.3313,723.43,0.06141335611795452,0.09659095038429286,0.17560759294828496,0.6486477130751132,12.634061406745264,76.85746202010112
AGR_0068,2024-09-30,9,Monsoon,27.753546464822293,22.234591663176253,87.74180277102164,0.0,0.9456753219153785,diseased,fungal_infection,0.937913291246755,0.4103,0.3105,0.2749,698.4,0.07820528611425547,0.1632035164634842,0.1229443079176292,0.2940280777619678,12.300262363350168,76.74579727337071
AGR_0069,2024-11-14,11,Post-Monsoon,35.40282129873245,14.020635616639606,82.31876422789054,0.0,0.2296458933998559,healthy,none,0.0,0.5403,0.3671,0.2774,712.93,0.11237604050041196,0.1564546502661526,0.17968338354095195,0.6020585505071314,12.676324319019358,76.95390932649232
AGR_0070,2024-09-23,9,Monsoon,25.09907157061236,19.90457728771604,84.97117968727545,0.0,0.5841635310807457,stressed,environmental_stress,0.5107394911632311,0.4943,0.3533,0.3241,701.28,0.07505645234958806,0.09954047256006604,0.10993519960420337,0.3248490582728121,12.483770424130778,76.84473248456864
AGR_0071,2024-05-22,5,Summer,33.875598828456184,20.519611550907953,58.32525017939211,0.0,0.13993554365860023,healthy,none,0.0,0.4406,0.2714,0.2101,721.11,0.087869707708435,0.14685579660083198,0.17540687206727879,0.45171816213822275,12.369725096271402,76.90741255687325
AGR_0072,2024-01-07,1,Winter,26.954227842781066,20.929632821184683,85.2721764421026,0.0,0.7464134660223303,diseased,fungal_infection,0.616301642436989,0.3436,0.229,0.2376,707.19,0.07403393010897107,0.1849096949767421,0.08769668856553064,0.17950833448605572,12.435091296348332,76.87213953279748
AGR_0073,2024-08-08,8,Monsoon,31.16309064516161,21.237373095695812,94.034595500316,0.0,1.0,diseased,early_blight,0.9985335664226968,0.364,0.2636,0.2504,693.88,0.05954414869603189,0.11227870387729964,0.08325663704489641,0.17855668699565833,12.63413625270419,76.86358453488316
AGR_0074,2024-01-24,1,Winter,19.407005415072717,12.295197761893283,41.57289707906793,0.0,0.20017371025301356,healthy,none,0.0,0.4976,0.3021,0.2586,722.03,0.09304645756826839,0.07270823529047252,0.20906161398903583,0.623190034056489,12.56655651120764,76.56578384256363
AGR_0075,2024-01-08,1,Winter,29.140274062442355,19.970965409114328,41.893719921664456,0.0,0.023064091026436497,healthy,none,0.0,0.3275,0.2822,0.2598,713.15,0.07720989049026858,0.1683020240608014,0.08416893881938727,0.16614760785537042,12.48970744967175,76.83131063950417
AGR_0076,2024-08-18,8,Monsoon,26.912677175790602,17.760660210747712,74.64254819423276,0.0,0.31608267873785195,healthy,none,0.0,0.5138,0.3962,0.2702,718.89,0.07481499114839549,0.15701060764128108,0.1759569684202798,0.5478479201863834,12.553388608442722,76.58352095395047
AGR_0077,2024-10-10,10,Post-Monsoon,25.82401098843597,17.035094846347853,95.0,0.0,0.7362655622251169,diseased,fungal_infection,0.9473085122053034,0.3885,0.2615,0.2437,696.63,0.07925555526980317,0.1418288863091094,0.15207783543229197,0.3453149215007971,12.219671770334255,76.56105495700501
AGR_0078,2024-07-16,7,Monsoon,28.572813252319946,18.210873535172432,77.95114280378831,0.0,0.5615958503338744,stressed,environmental_stress,0.5057903207948953,0.5039,0.3613,0.3226,702.48,0.08855741354380772,0.057363328961981735,0.12069263234969524,0.3658731098381509,12.2941745418828,76.86541473743544
AGR_0079,2024-06-05,6,Monsoon,29.516281439874454,22.146174690820626,83.68831296318463,5.898449381901769,0.596911236442842,stressed,environmental_stress,0.48535417206036413,0.5656,0.3594,0.3512,711.23,0.10374060611120761,0.13916190666087552,0.10427980349078064,0.3758297890082094,12.39693220282708,76.82561648852075
AGR_0080,2024-03-30,3,Summer,31.039895054774952,20.679977827013794,40.797970095973966,0.0,0.0931009464327855,healthy,none,0.0,0.3813,0.2544,0.2481,713.69,0.09802949259895571,0.11583412238415984,0.1354319006604825,0.3023631556203725,12.634450312770285,76.68783612594086
AGR_0081,2024-11-05,11,Post-Monsoon,32.25862703284191,13.97841418985245,82.4665196898936,0.0,0.3171580526882511,healthy,none,0.0,0.6437,0.3969,0.2382,722.93,0.12492257931872024,0.11090905077005912,0.1486118671988044,0.6855832896847455,12.493530853850574,76.58422219257136
AGR_0082,2024-11-25,11,Post-Monsoon,30.00834711276474,22.86128893531222,74.33595305784932,0.0,0.005840147210266807,healthy,none,0.0,0.4608,0.3758,0.2278,714.95,0.11248764117200424,0.12975400945895313,0.15717667251325074,0.4258228546130502,12.611196709408528,76.71543104576902
AGR_0083,2024-12-01,12,Winter,30.46234113014607,17.276785769360295,69.21787135954064,0.0,0.0,healthy,none,0.0,0.4714,0.3023,0.2275,713.26,0.06031455249414993,0.1491270219580293,0.12530213550163607,0.34878842636607515,12.469580638337627,76.655653849578
AGR_0084,2024-06-06,6,Monsoon,25.031115590288987,21.88154237597643,77.14010085169352,5.714668463130851,0.2775366850002976,healthy,none,0.0,0.5969,0.3644,0.3299,719.21,0.048140125329366616,0.13321424213881197,0.14921448804293275,0.5911203571217051,12.602996274887579,76.77511327107813
AGR_0085,2024-06-21,6,Monsoon,29.657469863251443,20.94392266649322,86.11372326915922,0.0,0.7048860070325704,diseased,fungal_infection,0.691231908779573,0.4493,0.328,0.2669,704.71,0.07398191961277281,0.1117403032948371,0.18005503948303783,0.4738583052892078,12.31843527948724,76.89026275762193
AGR_0086,2024-02-19,2,Winter,27.078097977982637,16.37262790859424,80.43257443119218,0.0,0.5569793811903769,stressed,environmental_stress,0.3449111903870873,0.3635,0.2721,0.2623,709.64,0.12936104364459655,0.06323447253528999,0.12810038572004756,0.2744145733374467,12.315123084213933,76.6030930822592
AGR_0087,2024-01-11,1,Winter,22.186660498390268,13.3275246449765,44.45295530631383,0.0,0.031438349405484727,healthy,none,0.0,0.4436,0.3157,0.2346,710.44,0.0417378714964195,0.14929151860386308,0.19416196545933415,0.5037602683988044,12.695627996851094,76.56419714472706
AGR_0088,2024-01-19,1,Winter,20.137205397621024,18.137205397621024,67.53686075148636,0.0,0.025157108483231962,healthy,none,0.0,0.5002,0.3548,0.198,711.35,0.10323847204294162,0.0734540835974947,0.1995419981964773,0.5989453895445283,12.53480130806698,76.53496580285471
AGR_0089,2024-06-08,6,Monsoon,27.355202482043822,22.062125827976107,85.86834140822751,0.0,0.5006264357428544,stressed,environmental_stress,0.39990057391745937,0.5318,0.3779,0.3841,708.84,0.11453667684437521,0.1228930115638047,0.12276450871843672,0.401646036853698,12.678812642252689,76.58765147117883
AGR_0090,2024-10-13,10,Post-Monsoon,27.972041181076808,19.568333851397675,41.65989900839475,0.0,0.0,healthy,none,0.0,0.5413,0.3822,0.288,716.21,0.0973063380404076,0.14292288235488826,0.18092428826780949,0.6079324297082511,12.246464572189694,76.62852363321603
AGR_0091,2024-08-18,8,Monsoon,24.534460746578706,20.596104420214353,93.01542039164156,0.0,0.5709193919855963,stressed,environmental_stress,0.40250235056907624,0.5079,0.333,0.2898,709.75,0.047783110888765065,0.10347818927734088,0.1825277762741159,0.559304275236211,12.671193509551117,76.93666833086192
AGR_0092,2024-09-18,9,Monsoon,27.98178726538032,21.676981548903285,85.65463486838053,10.51761884121618,1.0,diseased,late_blight,0.9472226760429802,0.3228,0.241,0.2097,688.73,0.0562417438271587,0.10940951829823313,0.10853696334574811,0.21200929579704014,12.687805100429957,76.82048603867267
AGR_0093,2024-01-25,1,Winter,28.939205546766146,12.833456076219083,95.0,0.0,0.5976580689649353,stressed,environmental_stress,0.5694784881878118,0.3769,0.2498,0.2632,703.83,0.08703095917651778,0.14852388901008443,0.01446287669374427,0.03195945260731261,12.31627567918269,76.53998269717965
AGR_0094,2024-01-12,1,Winter,24.788503665822727,16.459504931478605,65.9671162221518,0.0,0.0,healthy,none,0.0,0.4579,0.2795,0.2871,711.2,0.06066965948130014,0.13251571393147693,0.12245332980148227,0.3293206226112913,12.697433158584882,76.52889028049819
AGR_0095,2024-02-25,2,Winter,24.812029131392666,13.204519149850992,38.885272139474395,0.0,0.0,healthy,none,0.0,0.4157,0.3314,0.3264,711.24,0.09252152851015634,0.09801739110930012,0.12193312359903696,0.29543166708738083,12.286876297831146,76.82786183628083
AGR_0096,2024-08-18,8,Monsoon,30.63123630805176,21.3471302863734,95.0,3.7275170084663656,0.894061445619086,diseased,early_blight,0.6707548580575418,0.4412,0.3079,0.2714,700.07,0.10738881952848209,0.10847903466359578,0.2199696648817411,0.5673233375582772,12.294847424087338,76.80947409650386
AGR_0097,2024-01-13,1,Winter,27.3820512206234,14.954070452481014,73.68937249401633,0.0,0.0,healthy,none,0.0,0.5467,0.2675,0.2639,723.46,0.06274189322499003,0.0509190903136585,0.13220216959501313,0.451085585070829,12.397238139285017,76.729723384203
AGR_0098,2024-01-21,1,Winter,25.87434976963542,12.807954108588659,62.032929711552406,0.0,0.0,healthy,none,0.0,0.4841,0.282,0.2648,724.17,0.061025563541577496,0.05514463614742107,0.16465828665191887,0.47367583489070125,12.425309828364878,76.94122972022805
AGR_0099,2024-03-09,3,Summer,33.972182038586006,22.265940092194036,90.83192908527455,0.0,0.36346784486878914,healthy,none,0.0,0.4036,0.2292,0.1971,723.62,0.06686211442057209,0.08859267051954181,0.17146611010109145,0.40353761257191806,12.287054667667041,76.5491978248567
AGR_0100,2024-12-15,12,Winter,22.606121566775666,14.56580804614284,79.22762305575004,0.0,0.20348528763917664,healthy,none,0.0,0.4006,0.2769,0.304,717.35,0.06437959141470219,0.10888481094931443,0.1095762365317357,0.25604350498223066,12.44300775148877,76.9601485906097
AGR_0101,2024-10-14,10,Post-Monsoon,29.798449258014248,14.779112981993656,70.46410108706658,0.11744205125045722,0.0,healthy,none,0.0,0.5524,0.3965,0.2393,712.04,0.07262041109780155,0.12945121467544846,0.14334466682566704,0.49715875956247885,12.537991137793178,76.74802391933994
AGR_0102,2024-04-22,4,Summer,29.637787279984686,24.7390006608229,69.56189256004714,0.0,0.02658984798138483,healthy,none,0.0,0.386,0.2781,0.2261,725.65,0.08981949903276502,0.14204633358149452,0.1765152507466965,0.398452992727885,12.288714384734853,76.77251345944848
AGR_0103,2024-08-22,8,Monsoon,31.520421572455973,20.58904948490771,71.26003412687392,0.0,0.23224907156728175,healthy,none,0.0,0.5575,0.3685,0.3524,712.75,0.04454779743368357,0.14410337437096746,0.18408667153007333,0.6479434822781677,12.505970252668664,76.55296535627924
AGR_0104,2024-01-23,1,Winter,27.260024863313596,16.143475154648332,84.34629131124119,0.0,0.5673181351269958,stressed,environmental_stress,0.4384672423259369,0.3791,0.253,0.2248,710.61,0.11339809008702813,0.13184014589468943,0.10216467751859262,0.22692109319679674,12.377692284342869,76.8918958922427
AGR_0105,2024-03-26,3,Summer,36.77841067288056,22.692800322489983,68.54637014393673,0.0,0.07738327436422796,healthy,none,0.0,0.4505,0.2886,0.255,718.77,0.01296778966190644,0.11137226941649435,0.11233641930597417,0.2965313488686361,12.52168258995589,76.89019988807364
AGR_0106,2024-08-14,8,Monsoon,29.18173591970846,18.24994918468751,81.67044797815888,0.0,0.581921793734966,stressed,environmental_stress,0.5622787411830713,0.5456,0.3492,0.3076,705.42,0.07511600329615144,0.12332463285401409,0.25049630306313275,0.8,12.50107282202624,76.51146640563402
AGR_0107,2024-10-31,10,Post-Monsoon,28.983420989701923,15.022971480375448,70.78826574626488,0.0,0.05532726889509491,healthy,none,0.0,0.5176,0.3016,0.3393,719.42,0.0684183938304114,0.10084968419570993,0.09754509099649389,0.3068707091548074,12.231271113448683,76.90068345790976
AGR_0108,2024-10-29,10,Post-Monsoon,26.927439527012385,23.562277699002564,83.31550543288029,0.0,0.5582097703468616,stressed,environmental_stress,0.42297146690888643,0.4623,0.3533,0.3536,713.79,0.07022301156427452,0.08641147700132966,0.15563544987644815,0.4232577986876141,12.349362786794385,76.97033962255767
AGR_0109,2024-02-04,2,Winter,20.098891841458418,18.098891841458418,62.07582187356562,0.0,0.051360010656971655,healthy,none,0.0,0.4171,0.2682,0.1506,717.48,0.11544503193339489,0.1698377764364361,0.13171614973654913,0.32021780029449953,12.582756449495553,76.57945408383468
AGR_0110,2024-11-11,11,Post-Monsoon,29.177314928836406,15.002061727049588,64.19383236546312,0.3323248144890338,0.08129571123656494,healthy,none,0.0,0.4946,0.3421,0.2817,707.93,0.07039595251705963,0.14142258338857594,0.1569566433533505,0.4641618503282897,12.223250293220032,76.8098497200997
AGR_0111,2024-12-28,12,Winter,24.49224734783108,15.30493286306853,48.03460412762085,0.0,0.07368438970924333,healthy,none,0.0,0.4296,0.3053,0.2861,709.8,0.0694189464530741,0.14382794038865482,0.09982842307323002,0.2502011108441263,12.29904881637987,76.78266512728581
AGR_0112,2024-12-10,12,Winter,23.177963203703634,19.88797000985408,68.95841645681028,0.0,0.0,healthy,none,0.0,0.4943,0.2348,0.2751,724.76,0.05324253017579535,0.13654677810637272,0.14053431257875815,0.415266804995923,12.270479813760884,76.83209395725271
AGR_0113,2024-02-26,2,Winter,28.450871592748484,13.654859342838353,95.0,0.0,0.7619154261005198,diseased,fungal_infection,0.6249092423527542,0.3878,0.2674,0.2252,702.57,0.0788223638019455,0.10114545408311859,0.1740990883775793,0.3946663097850449,12.329310417444018,76.58235317671615
AGR_0114,2024-03-08,3,Summer,35.490681263979184,26.87403537540868,69.84618909674043,0.0,0.0,healthy,none,0.0,0.3764,0.2849,0.2487,717.46,0.07877913149060009,0.09792424652031495,0.1533338828397297,0.3384361070247017,12.448906254017144,76.55273684997832
AGR_0115,2024-10-05,10,Post-Monsoon,32.643854344298305,16.72092721138337,82.22668563795132,0.0,0.016923155160513403,healthy,none,0.0,0.5523,0.3816,0.3792,723.56,0.09073487246024924,0.14296170642511302,0.14232714167173444,0.49348765248388066,12.46651443362307,76.57897741141767
AGR_0116,2024-09-24,9,Monsoon,29.14023612532532,17.76276133113288,91.31119438426761,3.536748846343389,0.9728087998926563,diseased,fungal_infection,0.8392450517476072,0.4159,0.2978,0.2954,700.29,0.1000699690710573,0.10116250432205752,0.16360470825618578,0.3965894648517949,12.359833416220273,76.99420799470604
AGR_0117,2024-04-18,4,Summer,32.83012773317522,18.81281941555936,71.42460645811472,0.0,0.0,healthy,none,0.0,0.3816,0.2706,0.2253,726.58,0.08447910556179469,0.09583884518848967,0.17385769358242684,0.3884246271886819,12.629088526578581,76.90953175693083
AGR_0118,2024-05-13,5,Summer,30.973829738881435,25.419635683387135,84.75672601009798,0.0,0.48819314730089214,stressed,environmental_stress,0.4073394795976325,0.3851,0.2417,0.1868,707.95,0.09681240053009106,0.13640200704604138,0.14044271603321223,0.3163558399375545,12.270985994880496,76.67397070579108
AGR_0119,2024-12-03,12,Winter,23.899526764555937,17.290773301859566,83.85589935033639,0.0,0.29983108981479606,healthy,none,0.0,0.4221,0.3154,0.2645,713.1,0.08648718563443206,0.08462880626520591,0.19750717553846253,0.4860269152677756,12.543163598343048,76.53482057408121
AGR_0120,2024-07-19,7,Monsoon,30.603540829093888,19.24382779803333,80.23918564676225,7.2017529499405795,0.678752297535209,stressed,environmental_stress,0.42249190282783533,0.5269,0.3661,0.3446,707.38,0.09718514449999681,0.13038533237498223,0.08756436388983738,0.2826083855916143,12.313365191461754,76.6908059699336
AGR_0121,2024-07-08,7,Monsoon,23.715907500697707,20.50587362853016,84.49243148844684,2.745653493256675,0.4778139096204694,stressed,environmental_stress,0.5575025030397363,0.5053,0.3583,0.3067,708.68,0.09230734968026107,0.09193683893866214,0.19343928464700128,0.5886075503924217,12.614697332429422,76.64076059920747
AGR_0122,2024-04-29,4,Summer,36.469149253605366,27.51455103038537,61.64801026442222,0.632556376660282,0.0,healthy,none,0.0,0.4344,0.2211,0.1939,712.28,0.09900615183947152,0.17131840117745775,0.14582203125850113,0.3698145714943317,12.597289139350094,76.51733513336325
AGR_0123,2024-02-04,2,Winter,24.49353483042997,17.557054070683417,54.73222681674547,0.0,0.0,healthy,none,0.0,0.483,0.3014,0.2046,718.52,0.11418322465956424,0.0863873202026515,0.14560249138519266,0.4176566629095565,12.370407849894923,76.58241233767338
AGR_0124,2024-08-19,8,Monsoon,27.76739855441802,21.26908057611445,89.63927173977537,0.0,1.0,diseased,early_blight,0.6936737787261943,0.4095,0.2923,0.2874,700.23,0.06752789130141587,0.07353711233630164,0.15424715071288847,0.3681818102113739,12.653690082356423,76.61942833020096
AGR_0125,2024-12-27,12,Winter,23.591343462816,10.781047608984498,63.75341641056958,0.0,0.0,healthy,none,0.0,0.4102,0.2972,0.2658,723.04,0.06844939812984893,0.13440438408667107,0.25923468932894267,0.6198249557335962,12.34674441160406,76.9658768597164
AGR_0126,2024-09-21,9,Monsoon,26.257666634488086,21.707426091365654,86.05709377068784,0.0,1.0,diseased,fungal_infection,0.829911821705766,0.4185,0.2949,0.3102,697.94,0.08687689646248599,0.1430669208967342,0.18365970817883426,0.44801598633134376,12.348363820552045,76.85921461490936
AGR_0127,2024-09-06,9,Monsoon,24.503671989339942,21.375726654374034,88.35732418078456,6.321660348884412,0.6623004840832963,stressed,environmental_stress,0.49958763059341654,0.5202,0.3657,0.3512,708.2,0.06362766640790846,0.14759242842983972,0.1545567851240308,0.48969825916121634,12.402119864822104,76.66054054854352
AGR_0128,2024-02-10,2,Winter,25.505964015900183,16.325821948708228,48.64401383835731,0.0,0.141093237974627,healthy,none,0.0,0.454,0.3261,0.2808,720.8,0.08116702008570956,0.09765647379820419,0.08211610460054992,0.21867548734285636,12.443000246898801,76.78859994336727
AGR_0129,2024-12-22,12,Winter,23.063291714054575,15.479569175992202,49.58487288611063,0.0,0.08554600086826449,healthy,none,0.0,0.5081,0.3174,0.2993,726.82,0.0650905301587577,0.09168447883728847,0.10621653841788284,0.32564578489125656,12.594492579960395,76.7232097582008
AGR_0130,2024-12-19,12,Winter,22.213060137032123,8.53169690587555,87.44010819075767,2.204116569807204,0.7457229874827689,diseased,fungal_infection,0.6049238812064303,0.3443,0.2471,0.2369,699.52,0.05466211056952298,0.12132778158210987,0.1338313195210556,0.274377677035466,12.580953410066208,76.97332221699678
AGR_0131,2024-10-01,10,Post-Monsoon,30.388233774826794,18.14873556145412,62.5798368252231,0.0,0.0,healthy,none,0.0,0.5318,0.3202,0.2923,722.44,0.11231165647096464,0.08296953384360234,0.12630142963388422,0.4132177059230753,12.694017983077796,76.72700081059806
AGR_0132,2024-04-22,4,Summer,34.81611996833142,18.56000585643729,65.0823882536509,0.0,0.0,healthy,none,0.0,0.3726,0.2663,0.2325,715.77,0.07482407874665796,0.1679594151151415,0.17243677791764955,0.3772501137548068,12.258069480100263,76.97795941447767
AGR_0133,2024-12-22,12,Winter,24.11355904591252,7.128635293352203,46.68994925477131,0.0,0.11379501185955064,healthy,none,0.0,0.4484,0.271,0.2787,730.78,0.04388789054186468,0.10451273738972519,0.12293979514203456,0.3228172575847042,12.619274607451413,76.6780928235588
AGR_0134,2024-12-19,12,Winter,22.636648744275284,13.137457205246651,62.47784272122816,0.0,0.0,healthy,none,0.0,0.4468,0.3181,0.304,708.49,0.07656274027073416,0.08675506406427594,0.14178851634047596,0.37082361793456364,12.400889400327161,76.99692419444985
AGR_0135,2024-09-08,9,Monsoon,35.00249074038112,17.902951773589614,75.3917586713846,0.0,0.5718850490404822,stressed,environmental_stress,0.34439524420975043,0.5219,0.3787,0.3524,715.72,0.11123812849532212,0.10216182498481484,0.06608418234765304,0.21036083897697794,12.218990781644926,76.8729300193135
AGR_0136,2024-01-05,1,Winter,23.003543755929353,17.619508292080397,63.130733057148056,0.0,0.0,healthy,none,0.0,0.5,0.3018,0.1946,723.93,0.06188535398274762,0.1003870098405354,0.12617354823826032,0.378520644714781,12.455637731100374,76.74616274000059
AGR_0137,2024-08-29,8,Monsoon,32.12331427951245,21.07278274456892,87.45550165887641,0.0,0.8110354367820396,diseased,early_blight,0.9226357369305108,0.3499,0.2763,0.2559,691.78,0.09926177996426065,0.09653192939021016,0.10681237189990611,0.22179052580784994,12.328023782552476,76.51539502483023
AGR_0138,2024-07-07,7,Monsoon,33.87119092162492,19.517171179159586,92.61568290807841,1.7790593565488702,0.7101155762247288,diseased,early_blight,0.921774883071802,0.3556,0.2637,0.2454,696.28,0.09030085346552376,0.14146974734273673,0.1668551924439233,0.35100698149748977,12.58446139105382,76.82927025783503
AGR_0139,2024-05-06,5,Summer,32.62463935101344,23.04751762093557,75.06555519019709,0.0,0.35396068480015147,healthy,none,0.0,0.3596,0.2985,0.1909,728.16,0.09569200636873418,0.17175351996775717,0.1768824207637507,0.37552988643097346,12.20304437411992,76.55047059998876
AGR_0140,2024-12-23,12,Winter,23.610193133017503,14.341668565065412,86.82531834144746,0.0,0.4003084126825027,stressed,environmental_stress,0.3150678034391921,0.3969,0.2652,0.2188,709.02,0.09745838373541574,0.10110284235844763,0.14380301592654893,0.33307649303232667,12.653055501066248,76.66074785062393
AGR_0141,2024-02-22,2,Winter,27.102208855398693,15.51636411700633,83.03940951571495,0.0,0.6481238548588804,stressed,environmental_stress,0.35635285576133224,0.3819,0.2898,0.2588,714.39,0.0762727386024603,0.18156498444027971,0.18272748544423628,0.40852792773886126,12.463139230169102,76.73158635837567
AGR_0142,2024-02-22,2,Winter,25.709745252628593,19.109126333909344,47.665617774967075,0.0,0.006526819534255348,healthy,none,0.0,0.4424,0.2502,0.2377,715.57,0.06951823204130815,0.12457064616101166,0.11710320270471197,0.30292263196068253,12.200067346502243,76.75556456961861
AGR_0143,2024-06-02,6,Monsoon,31.363092001973413,21.387756889961306,95.0,0.0,0.6032931756527928,stressed,environmental_stress,0.4021112238917288,0.5934,0.3674,0.2939,710.2,0.10119881112118301,0.06361318115969934,0.1024370853678461,0.401434460957024,12.668160576984578,76.83757003057484
AGR_0144,2024-07-04,7,Monsoon,28.23504600688778,18.890256574458483,78.26079613970563,10.417698701282985,0.7410475843894456,diseased,viral_infection,0.6731228946627602,0.4789,0.3441,0.3262,705.82,0.07629325754368484,0.06776792069812052,0.14985968031965838,0.4253070067640429,12.392560059951249,76.93291008261117
AGR_0145,2024-12-20,12,Winter,22.089988097472872,10.675553815170668,61.85821151526387,0.0,0.0,healthy,none,0.0,0.4363,0.2897,0.3236,719.25,0.08600948719221657,0.13866621432130205,0.10444667528876922,0.2661287204492802,12.43614090208149,76.94007836896074
AGR_0146,2024-04-09,4,Summer,38.88376532550745,26.80675967682073,53.8699079651354,0.0,0.15820364961613553,healthy,none,0.0,0.3509,0.3034,0.1884,725.83,0.061987585307042625,0.13915175776825148,0.1368552609700406,0.28482171012852847,12.383892993878076,76.52904597604018
AGR_0147,2024-04-27,4,Summer,37.41274972432937,22.689616624371812,87.1982914987076,1.164894549511714,0.4291730377253408,stressed,environmental_stress,0.5514796078637114,0.3237,0.236,0.2124,708.56,0.07448979419063198,0.14742065877654614,0.11206220508975456,0.2193357103020969,12.63882350982539,76.52082840919134
AGR_0148,2024-12-11,12,Winter,21.457561554073465,18.342965084006615,75.73071973161866,0.0,0.27181857257079345,healthy,none,0.0,0.4318,0.3091,0.3047,713.9,0.036768793333616136,0.12766720961137107,0.18954676677432009,0.47763650240667277,12.687097221908179,76.92353041349195
AGR_0149,2024-06-08,6,Monsoon,23.945662705324086,20.346683328740816,86.951625583268,0.0,0.17265037408846962,healthy,none,0.0,0.5448,0.3925,0.3468,713.9,0.06405994392835637,0.17014448673546276,0.14569763472564365,0.4944501452640032,12.436904914198973,76.52892222472359
AGR_0150,2024-03-30,3,Summer,43.505742355892835,23.298930048183195,77.60014740118412,0.0,0.5981579164815192,stressed,environmental_stress,0.3614943628580449,0.3747,0.2742,0.1848,707.57,0.08042764422209411,0.13133182986964906,0.1949145581493523,0.42851278280491706,12.673697624793222,76.66867007050851
AGR_0151,2024-07-06,7,Monsoon,29.552631327436814,18.589148703841648,85.4985251634443,0.0,0.944960903007183,diseased,early_blight,0.6921003682842058,0.4318,0.3049,0.2696,702.38,0.06428640806776008,0.13366855858573615,0.14408572000625078,0.3630797851195879,12.681155101493891,76.81045429510885
AGR_0152,2024-03-02,3,Summer,34.278433272950366,26.11854542402959,31.822071330057398,0.18122189742519365,0.15334337012963256,healthy,none,0.0,0.3232,0.2616,0.2188,720.56,0.04803751296232505,0.13386517998245828,0.2309723849314741,0.45157012373127436,12.236540781013506,76.81117163230863
AGR_0153,2024-06-02,6,Monsoon,23.91047798622157,18.355136845490275,95.0,0.0,0.4525977558417617,stressed,environmental_stress,0.5901158044278104,0.4832,0.3657,0.3027,703.63,0.10095825938261158,0.1127726626471914,0.08817399441200166,0.2530566341174166,12.590674420307202,76.98008389236438
AGR_0154,2024-08-29,8,Monsoon,27.980945329681393,23.124510263900845,89.94790704365181,5.0305806252761,0.9792522477316128,diseased,early_blight,0.7286679958638195,0.4286,0.312,0.2735,697.65,0.07960501812930745,0.10540260327978578,0.11815317181225021,0.2954036073695846,12.344442469454583,76.69891831275108
AGR_0155,2024-06-03,6,Monsoon,29.01698105592774,19.985599908419328,89.92024155017856,0.0,0.9256751396434117,diseased,fungal_infection,0.6362886808939724,0.4537,0.3016,0.2892,706.11,0.04167665640668242,0.1537860026156742,0.13905215615070463,0.3700166930189993,12.65111820173112,76.93867780610263
AGR_0156,2024-04-25,4,Summer,31.78411040477209,24.238264358619052,48.71815884655676,0.0,0.07084210428945821,healthy,none,0.0,0.419,0.3207,0.163,713.81,0.07636449448234134,0.12520024271140662,0.18516705205737705,0.45224104452567654,12.622924775229983,76.70047088123653
AGR_0157,2024-05-11,5,Summer,34.391200078569334,17.74387438735758,68.20468822268707,0.0,0.07461009868693241,healthy,none,0.0,0.3131,0.2724,0.2233,710.59,0.061374648405674706,0.11673071723113952,0.1913585302599609,0.36580708412338714,12.247526522766346,76.91337338401313
AGR_0158,2024-07-07,7,Monsoon,30.698305122267165,21.489168054399357,93.46803440360942,0.0,0.851962250901968,diseased,early_blight,0.618161312587477,0.4527,0.3142,0.3074,697.75,0.12844811077579882,0.14573323820985484,0.14305872683859933,0.3797211994855349,12.561564136941277,76.60028012553649
AGR_0159,2024-04-12,4,Summer,32.79071330569062,18.738262183411592,48.712623066722216,0.0,0.121737356975163,healthy,none,0.0,0.4354,0.262,0.2813,712.3,0.05603433228505684,0.1459078997773977,0.17318572917290587,0.4402954226971114,12.290806983878301,76.68547050407888
AGR_0160,2024-02-16,2,Winter,23.207469415925075,19.267109585095522,91.08349495696368,0.7863528863524105,0.4978858050781796,stressed,environmental_stress,0.5127962485417829,0.3899,0.253,0.2553,707.68,0.04823070919164884,0.14378804560479322,0.18881573559387405,0.43015078003921575,12.251257982033236,76.75692723210338
AGR_0161,2024-08-04,8,Monsoon,30.410095146463487,17.58847574308892,83.55195089072309,0.5170065817643674,0.672555997289098,stressed,environmental_stress,0.3375375771425241,0.5383,0.3619,0.3584,709.76,0.07080538537251546,0.091738022953129,0.1681605520686707,0.5602802192922592,12.259437195588536,76.88235957073815
AGR_0162,2024-06-23,6,Monsoon,32.902404980466606,15.713265351725282,83.53678674307825,0.0,0.0034899425646410798,healthy,none,0.0,0.6313,0.3978,0.3642,716.0,0.10150786891292155,0.13089358025014072,0.15526879558137263,0.686981248255745,12.450543940131098,76.85309659148167
AGR_0163,2024-06-16,6,Monsoon,25.303418179124222,20.014126317256352,79.71743088421242,0.0,0.17620564526529253,healthy,none,0.0,0.6051,0.4117,0.4095,712.63,0.07440253827667957,0.08648576019370469,0.10951620456809691,0.4451366420669849,12.635707017095427,76.83635149710445
AGR_0164,2024-11-23,11,Post-Monsoon,32.05070796960143,13.902132866398397,83.179159780796,0.0,0.22612505312338563,healthy,none,0.0,0.5458,0.3515,0.2844,712.11,0.10499561402807214,0.07454713971133048,0.198709939426048,0.6762787854794913,12.402263692786935,76.53417660015498
AGR_0165,2024-02-28,2,Winter,22.394676912243554,12.979130576899792,61.49949066854698,0.0,0.0,healthy,none,0.0,0.4543,0.2882,0.2155,714.82,0.08680118733721603,0.14014441803020752,0.17645691136333388,0.470260740692132,12.500551347812163,76.99518089099918
AGR_0166,2024-10-06,10,Post-Monsoon,28.478773153429483,12.994645344266857,45.07527572802424,0.0,0.0077473718737229875,healthy,none,0.0,0.5308,0.343,0.3601,722.79,0.04307624275523812,0.0921146741942277,0.09013882979639684,0.29408465612174833,12.3026664693534,76.74151984877945
AGR_0167,2024-07-26,7,Monsoon,26.049928196779305,21.602328039647844,95.0,0.0,0.9285689800267201,diseased,early_blight,0.9702088831407524,0.3407,0.2653,0.2365,692.56,0.11741326752384937,0.12343864527599968,0.11496401689135564,0.23378167366334068,12.520815954413676,76.85189615549525
AGR_0168,2024-05-13,5,Summer,38.24558621796637,18.555210133742143,77.2816646563229,0.0,0.5537931918412553,stressed,environmental_stress,0.38132887612921973,0.3798,0.2493,0.2345,711.01,0.08781391841856288,0.08020583615066751,0.19189270826485794,0.42691641222807314,12.404075845433349,76.50769744584565
AGR_0169,2024-03-08,3,Summer,39.678359969711096,22.20864426327173,75.83882752430158,0.0,0.4722387928328167,stressed,environmental_stress,0.48517470625461767,0.3102,0.2203,0.234,707.84,0.12211354132681262,0.09496907463011948,0.19685705391055489,0.3739085416549856,12.645028512732626,76.54215065730567
AGR_0170,2024-09-27,9,Monsoon,28.16206217814247,22.693331645673574,87.11081360859147,0.0,0.7475584661879024,diseased,fungal_infection,0.8803470543445728,0.4211,0.2807,0.2566,694.49,0.08920659746359627,0.07951353455476891,0.08124996428551341,0.19945469726402335,12.366517435902699,76.9424821540903
AGR_0171,2024-05-06,5,Summer,40.09995647720017,17.798741319007696,68.10162169751625,0.0,0.28691560643892733,healthy,none,0.0,0.4388,0.2467,0.2375,721.03,0.07581372360841276,0.15218934143298035,0.24455489978477443,0.6269878649507011,12.334426757191096,76.68422445995829
AGR_0172,2024-06-30,6,Monsoon,26.73881463291512,22.725234053226735,87.64114092631259,0.0,0.7894367887212375,diseased,fungal_infection,0.7997727079467342,0.4029,0.3091,0.2753,702.81,0.10998068809318852,0.12001263777711355,0.09833955595616778,0.2310510183401571,12.495116329575445,76.70381642898982
AGR_0173,2024-12-28,12,Winter,26.281291950375003,17.379508100379294,64.75196374628561,0.0,0.0,healthy,none,0.0,0.5159,0.2656,0.298,716.22,0.07440479663008331,0.14371115688155134,0.1636020517827556,0.512299835359387,12.60706284279558,76.84256715493724
AGR_0174,2024-10-17,10,Post-Monsoon,29.68762753732643,20.339266488866464,40.65608628754853,0.0,0.03534308664864124,healthy,none,0.0,0.5177,0.3878,0.347,720.65,0.05227684111789524,0.1634709069383772,0.11397411527089296,0.35865335837991763,12.359304481381804,76.95177922171627
AGR_0175,2024-01-06,1,Winter,22.698138729324402,15.525634256725535,95.0,0.0,0.44176736984837867,stressed,environmental_stress,0.5513725124555411,0.3957,0.2699,0.2544,712.76,0.05738223129348169,0.13420896230434362,0.11294475480073846,0.26085883547143907,12.289626627869639,76.84697479525508
AGR_0176,2024-04-21,4,Summer,35.44841978729807,27.233917519776043,60.78470529092621,0.0,0.04249661162475453,healthy,none,0.0,0.3835,0.2603,0.3331,719.78,0.05244764998491526,0.10305677987487173,0.19085533181717593,0.4283022734291368,12.407887551761661,76.71447216671507
AGR_0177,2024-01-19,1,Winter,31.265328318609775,12.459263015049062,90.79769316653878,0.0,0.6382107531267619,stressed,environmental_stress,0.4640055765297866,0.3501,0.2609,0.2426,708.74,0.08602841031033534,0.14272988618819926,0.14969938542916886,0.3109849827172194,12.419547782625413,76.99021778513519
AGR_0178,2024-01-17,1,Winter,23.58144573295107,11.1467088767772,63.01869491721285,0.0,0.01767547933020496,healthy,none,0.0,0.4287,0.3018,0.3703,712.06,0.10928354477504876,0.14990576320397422,0.16122545617960546,0.4031906340693197,12.618058851603625,76.91069418145035
AGR_0179,2024-12-01,12,Winter,30.2758614525854,13.963820535989859,60.876518631715754,0.0,0.10441910887908652,healthy,none,0.0,0.5998,0.2924,0.3141,715.99,0.07979030046287991,0.17272751316695015,0.10705858859698775,0.4279668416728161,12.207754165313295,76.64044098259312
AGR_0180,2024-07-12,7,Monsoon,30.545292646615856,15.50622133203079,80.14639764187763,8.14347434561074,0.8211283692279473,diseased,early_blight,0.9988729415611801,0.3177,0.2723,0.2352,690.26,0.06751309220573552,0.11446423927032451,0.12581021341847148,0.24297247284408596,12.561368876119401,76.8283647423608
AGR_0181,2024-04-16,4,Summer,26.17773577160372,21.450418245334223,74.7674219097847,0.0,0.0,healthy,none,0.0,0.447,0.2467,0.246,709.31,0.1163927870412238,0.15619655808710325,0.26000428798323016,0.6803367173810744,12.375101495545364,76.83873670741174
AGR_0182,2024-07-27,7,Monsoon,25.597057620046876,23.01284344400316,75.14825001124633,0.8639092661714031,0.5307484189543346,stressed,environmental_stress,0.377469305899848,0.4868,0.406,0.3432,711.3,0.11178328838495853,0.12768773376128803,0.12005279193979441,0.3478068804678222,12.556388838108415,76.69310599640852
AGR_0183,2024-04-13,4,Summer,28.19916102992937,18.731100887972836,53.22857137808445,0.0,0.08506476677822511,healthy,none,0.0,0.3866,0.2284,0.2372,718.73,0.07041326277118297,0.154676552525781,0.1331624445723086,0.3010157248841916,12.529755384320385,76.89812072527069
AGR_0184,2024-03-02,3,Summer,30.632264398418748,24.670742502509526,67.57759009690297,0.0,0.05532512199847837,healthy,none,0.0,0.3535,0.2513,0.1955,721.12,0.049481405624548086,0.13853624401393705,0.19178055944973843,0.4015081008742783,12.589012621572326,76.8804256654654
AGR_0185,2024-11-21,11,Post-Monsoon,31.61153528287728,19.996751900832578,75.45969558368597,0.0,0.15893653080191988,healthy,none,0.0,0.5169,0.3197,0.3141,722.29,0.07591813405968827,0.13336616539587015,0.1944479742661312,0.6105529541798684,12.62906019712555,76.89188619450863
AGR_0186,2024-08-04,8,Monsoon,30.01222283785061,19.41548047619646,81.24680775979351,0.0,0.7644628246317696,diseased,early_blight,0.6379671747286678,0.4558,0.3233,0.2659,701.18,0.07921385424744738,0.11596509646794802,0.16335439866274137,0.4369925276979399,12.356388994605176,76.82717100274635
AGR_0187,2024-10-17,10,Post-Monsoon,34.29410034549355,18.718766642172508,72.26238678399429,0.0,0.0035126669927736907,healthy,none,0.0,0.4869,0.3182,0.2634,714.29,0.07661697648513359,0.16038188930191355,0.18196352848752956,0.5273076798053161,12.538062698794144,76.56921774666469
AGR_0188,2024-06-01,6,Monsoon,29.499592371221112,17.201387650396118,87.94119434393137,27.16623096007408,0.7899973492348376,diseased,fungal_infection,0.9924471631471743,0.4085,0.2922,0.28,698.98,0.07867713430252667,0.1004072501594899,0.1975806017066017,0.4704856762531674,12.38656130921119,76.97084599332902
AGR_0189,2024-10-03,10,Post-Monsoon,33.51336189310178,16.44182104075687,67.30161463931408,0.0,0.16083893113571923,healthy,none,0.0,0.56,0.36,0.3756,711.01,0.12472567301591972,0.11462550727009714,0.09927943170466494,0.3519907124074485,12.427436221401434,76.84285027146682
AGR_0190,2024-06-14,6,Monsoon,28.123893930812436,26.123893930812436,76.17453794153414,0.0,0.16874572628998355,healthy,none,0.0,0.6109,0.3983,0.4242,725.48,0.07068388861763675,0.11547486865299914,0.1470420973756643,0.6087641086159281,12.242282689048618,76.80342347777007
AGR_0191,2024-04-25,4,Summer,33.19336209536151,24.430241955727556,48.83188845546912,0.0,0.044177599658873114,healthy,none,0.0,0.3945,0.2392,0.2957,718.86,0.08386746347650913,0.11237831405463443,0.1372812173426055,0.3161662387849107,12.30811350456389,76.84560590469327
AGR_0192,2024-08-10,8,Monsoon,27.89916230588886,20.90948182428227,80.86856284889943,0.0,0.6803533416571902,stressed,environmental_stress,0.5450921721815509,0.4887,0.3344,0.3101,702.07,0.0701769250571579,0.11145373519890987,0.1397528099001848,0.40690398611070827,12.686538398956149,76.87964625345924
AGR_0193,2024-10-22,10,Post-Monsoon,29.275507662387664,16.765830509917528,57.739255454194726,0.0,0.0,healthy,none,0.0,0.5968,0.3301,0.2844,718.61,0.08573459678167583,0.10533450471771691,0.138862684694446,0.5499403147819726,12.61465711706288,76.85333776683885
AGR_0194,2024-10-28,10,Post-Monsoon,28.921110982642613,18.903322017575228,67.75751774483757,0.0,0.2693033663980497,healthy,none,0.0,0.471,0.3941,0.2906,717.49,0.04228466162491516,0.1081859439466948,0.10256557811479186,0.2852059837558768,12.56250303814956,76.7871437875451
AGR_0195,2024-04-15,4,Summer,25.712174330632756,23.181391894648755,36.08491130981585,0.0,0.0,healthy,none,0.0,0.3694,0.3207,0.233,700.99,0.05062153072659613,0.10726653890572554,0.19143300953670273,0.4157125963519833,12.629897337405822,76.70340240047587
AGR_0196,2024-10-21,10,Post-Monsoon,34.68866630552459,17.178020754512087,61.34924030937473,0.0,0.0,healthy,none,0.0,0.5554,0.333,0.3105,731.04,0.05533462347406247,0.13982170183391246,0.06613297205720817,0.23136127921228428,12.530833629814595,76.57061177168657
AGR_0197,2024-04-29,4,Summer,38.455167298278646,20.233399519783912,52.441063534254496,0.0,0.24419860063950308,healthy,none,0.0,0.3729,0.281,0.2284,717.95,0.08890172942706803,0.10949944636226577,0.11015800855992902,0.24116716624450096,12.598866131674106,76.68369536434854
AGR_0198,2024-07-05,7,Monsoon,31.714713821939295,18.246014810978895,70.18138320787392,0.0,0.2835434088215865,healthy,none,0.0,0.7156,0.4724,0.4138,720.26,0.10698650125891689,0.16984323041185187,0.14410798410979925,0.8,12.316027869850577,76.63268505580099
AGR_0199,2024-09-29,9,Monsoon,26.402017082473723,18.000494397823736,78.73182252691694,0.0,0.4142092245620345,stressed,environmental_stress,0.5773567406195699,0.5064,0.3546,0.3541,708.66,0.11037773162905326,0.12239929484334211,0.21447162365249584,0.6545381966574548,12.552041635660668,76.96758604336324
AGR_0200,2024-08-08,8,Monsoon,27.350766475022233,23.7051294575501,94.04786778508169,5.200779876593921,1.0,diseased,early_blight,0.8680130151230268,0.4169,0.2789,0.2679,694.1,0.09445972526238443,0.10638775161485015,0.17596915161220392,0.42759507960784043,12.307750379433775,76.66800352949505
AGR_0201,2024-05-19,5,Summer,38.029573875909556,20.290501215283722,69.94263103359513,0.0,0.11854052068295612,healthy,none,0.0,0.3671,0.3062,0.2165,724.76,0.06770099123703328,0.12975042408769624,0.13215029303120995,0.2854521497913843,12.318466662453323,76.83869656494444
AGR_0202,2024-12-06,12,Winter,20.696603974450937,11.82800154847581,58.518144360139196,0.3324021137589548,0.156461974116075,healthy,none,0.0,0.36,0.2836,0.2162,712.6,0.08239901360317485,0.10796507383166468,0.21797977810685382,0.4632070284770643,12.296154948016813,76.64782727080625
AGR_0203,2024-02-07,2,Winter,28.23401011812243,12.332277515315027,79.3295083735663,0.0,0.29912586581920886,healthy,none,0.0,0.4956,0.2707,0.2143,717.07,0.06401303093247987,0.09539469362861923,0.09994487014290429,0.29634723986068134,12.617285895127813,76.96774225676374
AGR_0204,2024-07-26,7,Monsoon,23.834829577684914,19.565432606126354,81.0218590886213,0.0,0.33590956507519176,healthy,none,0.0,0.5476,0.3666,0.388,717.09,0.05372769707841867,0.14561425686927204,0.12777831353698257,0.4371125509059112,12.25739846362564,76.97076645514223
AGR_0205,2024-04-22,4,Summer,31.513287684652457,19.15325043752549,91.21044796873338,0.0,0.6729840007617336,stressed,environmental_stress,0.5073167438217785,0.3522,0.2189,0.1938,705.88,0.05886884714479494,0.15669249201285973,0.13964582398520672,0.2914928730978644,12.259945546736356,76.86746292369745
AGR_0206,2024-10-20,10,Post-Monsoon,30.958203700786743,18.38795279445038,71.22597642403976,0.0,0.0,healthy,none,0.0,0.452,0.4119,0.3081,716.96,0.0617522509497522,0.1256540318719883,0.1526725953270962,0.40452665769150303,12.549844954529354,76.70542854592024
AGR_0207,2024-05-17,5,Summer,39.3076913011714,23.400148702015546,72.59550466289382,0.0,0.08697962753260763,healthy,none,0.0,0.515,0.3151,0.2601,717.98,0.07575582060197697,0.09144244619933292,0.1530992207407545,0.4782377720046249,12.28626193847318,76.78398714865804
AGR_0208,2024-08-07,8,Monsoon,27.80207613732757,20.901311110669308,81.55428239631767,5.888460209788519,0.7853940114952833,diseased,early_blight,0.6906086504144423,0.3998,0.3164,0.2433,702.41,0.08859126000406958,0.13300165847201684,0.0634276052860864,0.1479272940344281,12.381279898279546,76.9028572628341
AGR_0209,2024-01-17,1,Winter,24.014201685725332,11.44708514694264,67.95989525922317,0.0,0.0697065274014387,healthy,none,0.0,0.4317,0.2646,0.2762,718.76,0.05837725774404677,0.14251608346305916,0.17792883344541915,0.4482504149987799,12.33787870222064,76.60212337945609
AGR_0210,2024-02-29,2,Winter,26.008213503777007,20.871523600918913,64.59752234436411,0.0,0.0,healthy,none,0.0,0.4664,0.2738,0.2679,719.85,0.0731490159828447,0.12511391312989711,0.1114906973886155,0.3063904772313826,12.506397917768254,76.96924107910708
AGR_0211,2024-12-02,12,Winter,24.38016616091186,11.32805379977049,75.13545424091582,0.0,0.13631735502766604,healthy,none,0.0,0.3508,0.3512,0.2512,729.28,0.11910460061815556,0.09289720750893168,0.12166929042387946,0.253159084264597,12.34400267296202,76.77816400362855
AGR_0212,2024-07-26,7,Monsoon,24.400420833461204,19.41548956911232,86.22481594347461,3.4900678830690413,0.8018157247648752,diseased,leaf_spot,0.9832472035677735,0.4242,0.3012,0.3118,700.81,0.109289086245346,0.10315236193880162,0.2295942029335023,0.5678847930147516,12.414228951924397,76.86574823202157
AGR_0213,2024-06-19,6,Monsoon,29.05282751468712,20.604622610295284,91.02261771046778,14.338878968704298,0.9603255021005627,diseased,fungal_infection,0.9072512713523528,0.3984,0.2517,0.2741,698.27,0.04774676483919545,0.13498233207583807,0.13877693288220763,0.32258255143364223,12.307602239866595,76.94217757522787
AGR_0214,2024-11-18,11,Post-Monsoon,31.6143988937054,20.491523872980263,49.01697965154584,0.0,0.11931708649751445,healthy,none,0.0,0.5649,0.3597,0.315,724.05,0.0737926724361586,0.09093211955254253,0.11664799993457621,0.41954138151601533,12.590094634241497,76.99881141112569
AGR_0215,2024-03-16,3,Summer,43.7294260047708,25.84709042234681,81.31609764850622,0.0,0.2706858456241352,healthy,none,0.0,0.423,0.2831,0.1612,711.81,0.07433722206512466,0.11097420758577521,0.10162092258324779,0.2506179771853754,12.57864148913775,76.94898232342389
AGR_0216,2024-11-09,11,Post-Monsoon,33.24981973039865,16.300779771112545,56.311997634180145,0.0,0.0,healthy,none,0.0,0.4884,0.3439,0.2856,712.8,0.072238041858008,0.07833044591482627,0.12234502010344256,0.3559388739678731,12.323936679364211,76.84885815377665
AGR_0217,2024-07-06,7,Monsoon,31.135403645152806,20.68876843475707,84.40505120945028,0.0,0.7951549770574042,diseased,early_blight,0.961697316563026,0.3436,0.281,0.2093,693.38,0.06794358688432077,0.13296788851902466,0.16880176749472808,0.34552415418329774,12.312159279426762,76.61303953550528
AGR_0218,2024-01-08,1,Winter,19.043616938746712,13.169931067504931,75.16039282529633,0.6783282861896274,0.1224965810576276,healthy,none,0.0,0.3471,0.283,0.2924,705.76,0.08504334700951152,0.0844179230580176,0.1743376827789677,0.3597033121022321,12.276949952346886,76.57462473487074
AGR_0219,2024-11-21,11,Post-Monsoon,32.14295680762096,14.866277340429853,38.947753871839616,0.0,0.038630788178086795,healthy,none,0.0,0.5229,0.3174,0.3616,714.5,0.09489796898787385,0.08207567594917013,0.10626253671614352,0.33918930447498424,12.261055757962144,76.55556857366601
AGR_0220,2024-02-07,2,Winter,27.28391669022836,11.562298230053015,72.74775926596865,0.0,0.09729965453330006,healthy,none,0.0,0.3885,0.2934,0.2343,724.27,0.056064227071473766,0.14681093068167334,0.18571815480435078,0.4217001765263141,12.633050772688916,76.64471976080975
AGR_0221,2024-06-29,6,Monsoon,33.48886060514826,19.266344668185845,95.0,0.0,0.5539740762675879,stressed,environmental_stress,0.4502132777510014,0.5449,0.3565,0.3232,703.6,0.06936676199360664,0.1366676605400681,0.24717130571805002,0.8,12.326792058498183,76.73547502938625
AGR_0222,2024-12-13,12,Winter,26.65770217197103,11.675822885648916,74.92684182036102,0.0,0.06378481065159813,healthy,none,0.0,0.4077,0.3039,0.2447,716.26,0.059874612913490305,0.10968071785698612,0.14889137735018404,0.35386525729504315,12.671530948703484,76.66190978745122
AGR_0223,2024-12-26,12,Winter,23.88558550041535,11.24347665760698,76.48714236989326,0.0,0.16395900144301465,healthy,none,0.0,0.43,0.2836,0.2792,709.64,0.11387132939056582,0.15585662014565144,0.1691280904760703,0.4243038059311939,12.62100783075337,76.74135673653846
AGR_0224,2024-03-06,3,Summer,40.77315821452777,15.380743454848801,56.812361210433835,0.0,0.11297437764827747,healthy,none,0.0,0.4036,0.2977,0.2365,731.96,0.046628014822436094,0.15176185589651636,0.14308793050414143,0.336750870649921,12.27164072935132,76.85735941675102
AGR_0225,2024-01-22,1,Winter,27.315760464510024,20.70467776534101,68.6722906084181,0.0,0.06386601686431025,healthy,none,0.0,0.4966,0.3143,0.2714,713.21,0.06575558472701898,0.15560203860531993,0.20745341622823915,0.6167556271894769,12.496730691352361,76.50812172160472
AGR_0226,2024-07-16,7,Monsoon,29.897327399103542,20.579904881499697,86.6183124510903,0.0,0.8758797250199856,diseased,early_blight,0.7995884467655063,0.416,0.2865,0.2421,699.47,0.09272731455505862,0.11018039411175432,0.10391322481919923,0.2519539834657296,12.246049377099794,76.90763816554528
AGR_0227,2024-09-07,9,Monsoon,28.534092204038117,22.66437822152157,86.81273593194248,5.487082941199914,0.956364053128176,diseased,late_blight,0.6552061948080207,0.3496,0.2842,0.2678,697.78,0.09954637032128659,0.11216717704612271,0.07014894940514335,0.1455612271174377,12.359152047346173,76.74451788765381
AGR_0228,2024-12-05,12,Winter,21.53994846821212,18.41194362709419,70.07829314428871,0.0,0.0,healthy,none,0.0,0.5303,0.3244,0.3069,721.71,0.07999761702881814,0.15250021313733947,0.17980122251651198,0.5857990436811119,12.29331996989884,76.5128448224347
AGR_0229,2024-03-26,3,Summer,40.757782860612544,21.758302605062887,35.72589209689771,0.0,0.12606493806335117,healthy,none,0.0,0.3583,0.3068,0.3434,712.71,0.058829598999148795,0.14764242542023437,0.11984345882533422,0.25367519108999764,12.52595043278123,76.91620859170513
AGR_0230,2024-09-24,9,Monsoon,25.747893918891105,19.910479384775652,84.40602667212512,0.0,0.6835795895303483,stressed,environmental_stress,0.45696391649126245,0.4903,0.3277,0.3723,711.74,0.05792724257501204,0.1240689602632786,0.1904280865834444,0.5567882625766277,12.368651418233743,76.97078842636697
AGR_0231,2024-02-15,2,Winter,27.247131833578116,15.960832232913289,67.63242451941488,0.0,0.0,healthy,none,0.0,0.4873,0.3062,0.2795,718.63,0.0899355114753382,0.09064631239802379,0.09195574451319966,0.26675595633797905,12.47523588855147,76.89500742077995
AGR_0232,2024-01-28,1,Winter,19.830700645702233,17.830700645702233,62.88166196518624,0.18158485400394953,0.1340282570333991,healthy,none,0.0,0.4436,0.2816,0.2778,717.46,0.06378297731718639,0.1865503044903416,0.1111560727366274,0.2883984662160232,12.40748021803984,76.86524623874115
AGR_0233,2024-12-02,12,Winter,24.33374825774752,22.33374825774752,56.86576493356004,0.0,0.0,healthy,none,0.0,0.3925,0.2949,0.2269,720.15,0.06543455595186774,0.18495168203419807,0.19762194377374384,0.45298527852664744,12.635956530640252,76.78849080620884
AGR_0234,2024-09-09,9,Monsoon,25.433298290730164,17.944126477853324,95.0,0.0,0.9334118649629998,diseased,fungal_infection,0.6593441349158067,0.4763,0.3269,0.3231,700.02,0.04017355905239579,0.12781552265561258,0.16105984573495533,0.4540245374422657,12.300385487378339,76.65750518618836
AGR_0235,2024-03-06,3,Summer,27.285481235160695,25.285481235160695,71.50258249920263,0.0,0.019548173155329085,healthy,none,0.0,0.3895,0.2827,0.1347,721.03,0.08252355807323934,0.11332575309665203,0.2318744878287823,0.5277470939198903,12.604837518132944,76.9752664104772
AGR_0236,2024-06-03,6,Monsoon,30.52251627809997,19.28863417948423,69.54898511365569,0.0,0.08702489939113105,healthy,none,0.0,0.5806,0.3965,0.4187,716.31,0.0747071462739855,0.07910764965306918,0.12438409283765577,0.4687684719580322,12.451773490755942,76.53405451236176
AGR_0237,2024-06-20,6,Monsoon,25.548113617358073,19.885806778327893,90.86916117345037,0.0,0.6888981126392845,stressed,environmental_stress,0.4245374818604163,0.5199,0.3612,0.3139,710.62,0.09126919908366478,0.14373627117038643,0.12966958596419476,0.4105078185940005,12.471499066302634,76.6869040544335
AGR_0238,2024-05-02,5,Summer,33.449200334365756,20.759153003111074,57.83531626093992,0.5071547711457592,0.0,healthy,none,0.0,0.2479,0.3312,0.2796,715.73,0.08037638099481197,0.08485036958047315,0.2178289151124346,0.3614262773152601,12.639016756422228,76.77893683783003
AGR_0239,2024-11-28,11,Post-Monsoon,35.69186608431934,19.825096628684513,72.86489053996858,0.0,0.0,healthy,none,0.0,0.6099,0.3981,0.2552,707.29,0.0410153743366947,0.13935507376118456,0.17979965678456328,0.7420135028389346,12.54027908088955,76.58303742616675
AGR_0240,2024-10-05,10,Post-Monsoon,32.9334466490586,11.683059174479027,82.30385514975389,0.0,0.33863493972628433,healthy,none,0.0,0.4103,0.361,0.3289,720.15,0.061681505454751456,0.15402884381664636,0.09424675824748308,0.2253963085576147,12.248482835482712,76.5895158187208
AGR_0241,2024-12-03,12,Winter,23.301614234177297,16.534498726085584,94.02731060090343,0.0,0.31025084368327904,healthy,none,0.0,0.3781,0.3184,0.2516,715.14,0.0919128811513944,0.07418112928716572,0.0819146240010119,0.18151880259815806,12.689110334263278,76.59044595068944
AGR_0242,2024-10-01,10,Post-Monsoon,33.66246389643914,15.369678656364465,90.68060426026838,0.0,0.22523634901717385,healthy,none,0.0,0.5593,0.3792,0.3309,715.78,0.07499624333585675,0.08790119530222254,0.061598288428392795,0.2179491970646537,12.459805837901502,76.99826315439931
AGR_0243,2024-01-16,1,Winter,28.31221182784615,18.845976759282912,74.49642402058066,0.0,0.0,healthy,none,0.0,0.5379,0.296,0.2254,710.82,0.05993571619219917,0.14759115879681495,0.1923147411069895,0.6400364430825346,12.494510045490456,76.96933240664669
AGR_0244,2024-05-25,5,Summer,30.278865584708512,22.790640221734506,95.0,0.0,0.5641788331473804,stressed,environmental_stress,0.3630321578737055,0.3876,0.2326,0.1702,711.66,0.09229682794605946,0.17335965379614746,0.17627788449297116,0.39941736205494244,12.505053961018117,76.74408883765541
AGR_0245,2024-12-08,12,Winter,27.484198229117137,16.76804813213446,61.079558265097006,1.18422708749142,0.0,healthy,none,0.0,0.395,0.3284,0.2586,716.04,0.0760357220311568,0.09963414619542676,0.13754594292895897,0.31715138906759965,12.264298242980276,76.78692529898751
AGR_0246,2024-08-12,8,Monsoon,28.69836022882049,18.486472045968146,67.48062636017157,0.0,0.3194592220513731,healthy,none,0.0,0.5897,0.4059,0.3914,718.54,0.10506177834604154,0.13175011846845813,0.21235192277991555,0.8,12.656520733444927,76.7860614818611
AGR_0247,2024-12-01,12,Winter,23.68376223985512,13.111943700939944,53.76176574366616,0.0,0.21247714030169618,healthy,none,0.0,0.5103,0.3609,0.2166,717.97,0.054129847495918086,0.09912915368408808,0.113274920663337,0.34935493705909304,12.400156418086496,76.90593306200519
AGR_0248,2024-01-15,1,Winter,27.995268469366522,14.07253856593046,48.311325469834244,0.0,0.0,healthy,none,0.0,0.4768,0.2454,0.3051,723.92,0.0835556970765792,0.12425283106735671,0.11665455420366191,0.32927264076446466,12.26646402135399,76.81924439239957
AGR_0249,2024-07-09,7,Monsoon,30.023348207211004,20.672289926052457,83.18018992037274,1.246481998352206,0.9049812095785925,diseased,early_blight,0.9032161684044866,0.3779,0.2649,0.2797,692.34,0.07169572464189457,0.12102082233216696,0.1544549040736021,0.34210482610997645,12.667271940357757,76.65169277181457
AGR_0250,2024-06-27,6,Monsoon,26.66531696035346,18.19327808490462,84.40035227992479,0.0,0.5485549295302136,stressed,environmental_stress,0.517833377803391,0.4699,0.3445,0.2979,704.21,0.05511649774644335,0.16992937163173621,0.150425689729306,0.4171113399983152,12.660756695953708,76.90603880550434
AGR_0251,2024-12-26,12,Winter,24.327309380185756,19.024295926121106,54.60867713452936,0.0,0.0,healthy,none,0.0,0.4622,0.2996,0.2838,715.13,0.07634862051240918,0.09030126622343958,0.14859969559975056,0.4040209648678974,12.324269910463713,76.65847131088364
AGR_0252,2024-03-23,3,Summer,33.49063169220876,24.151850743476327,56.52527133451886,0.0,0.04232123744570178,healthy,none,0.0,0.4019,0.2805,0.2363,707.18,0.08320979247946961,0.18637593118191725,0.13559842924972068,0.31783219857077977,12.601198015276816,76.93070902304775
AGR_0253,2024-03-18,3,Summer,32.087691608578716,19.504356269728376,63.36151354720183,0.0,0.0,healthy,none,0.0,0.429,0.2885,0.2596,717.79,0.08337845246664549,0.1269131666313151,0.12375833040764093,0.3097209354685095,12.512489874188017,76.81917528871021
AGR_0254,2024-08-24,8,Monsoon,28.219590973005083,19.69951402240348,94.53365997685651,0.9212886809469957,0.8916282040150789,diseased,leaf_spot,0.8195638526560287,0.4582,0.3088,0.3457,701.75,0.1055078147599803,0.11544856699268312,0.17133436978821798,0.46112915840749247,12.25270068869823,76.91942693095203
AGR_0255,2024-09-09,9,Monsoon,30.518405513555216,18.438089616268112,81.60979635513606,0.0,0.5920537885232673,stressed,environmental_stress,0.32127478784639374,0.4985,0.3901,0.3199,713.47,0.059238229923674265,0.14876158284971994,0.16367620085061882,0.48907036286072236,12.266143973825518,76.98879498017253
AGR_0256,2024-07-07,7,Monsoon,29.272200584555353,20.07889409648148,73.51272380905178,3.675514058943361,0.16841841835724933,healthy,none,0.0,0.6422,0.3997,0.4837,729.16,0.07637101861504966,0.11680988992406055,0.1898232605600812,0.8,12.407572826996372,76.71109611694034
AGR_0257,2024-09-01,9,Monsoon,33.10951782975411,20.862907667989518,92.02556371002534,1.6208311221770986,0.7219710749890194,diseased,fungal_infection,0.7246286958328916,0.4575,0.3094,0.3035,700.08,0.13296287971506973,0.14086570046895774,0.2653692910629459,0.7129506759893892,12.340696491086081,76.91111405628851
AGR_0258,2024-06-05,6,Monsoon,28.9650356241295,20.33611961193364,77.03881214517297,0.0,0.1818496837864333,healthy,none,0.0,0.5299,0.3597,0.4122,721.65,0.07787024233638906,0.10638622544507748,0.1270427996813057,0.4134498600987654,12.422091703439182,76.83779338678372
AGR_0259,2024-03-19,3,Summer,39.37294843032884,24.112531367443406,81.81672319923676,0.7656462058757416,0.46472674864404884,stressed,environmental_stress,0.38383359219567076,0.2932,0.2505,0.2253,713.01,0.07427752819914106,0.12766301533716148,0.08133832447254187,0.14882105434053644,12.629380714919352,76.6629406713079
AGR_0260,2024-10-24,10,Post-Monsoon,31.99410823599933,16.341237487898095,80.02737280522906,0.36790801361594244,0.45024291616147927,stressed,environmental_stress,0.37234956429232857,0.4888,0.3097,0.2806,705.18,0.09840022920010792,0.11095910638679442,0.1493632861999103,0.4350001183380799,12.365077975157801,76.55340035200118
AGR_0261,2024-01-31,1,Winter,27.74803095937327,18.805863073809626,50.36338238913569,0.0,0.1125692816016916,healthy,none,0.0,0.3837,0.2738,0.3051,717.15,0.05418422267698815,0.10089421239214177,0.1667864097924826,0.37446431158503674,12.420035537533249,76.74142563720505
AGR_0262,2024-01-26,1,Winter,29.7095993087799,15.205911145283146,55.411541580798016,0.0,0.0,healthy,none,0.0,0.3743,0.2553,0.2168,718.41,0.062144249690162315,0.1354084339269329,0.15138854995010248,0.33251284033310835,12.598220280761739,76.86973461661937
AGR_0263,2024-12-05,12,Winter,19.09448735968584,12.622893315587069,70.08581676699468,0.0,0.0,healthy,none,0.0,0.4769,0.2829,0.2325,721.6,0.08901477580087094,0.13050033593805524,0.12388450567203736,0.34977064887599313,12.45184430466412,76.91457532014206
AGR_0264,2024-12-01,12,Winter,24.865320909632388,15.54750309179764,54.94827199318651,0.0,0.11717179147161597,healthy,none,0.0,0.4247,0.2934,0.2767,721.93,0.055012095938809444,0.08676050873871277,0.09392367729135048,0.23259701553448123,12.27425339082184,76.79823353770678
AGR_0265,2024-08-15,8,Monsoon,31.960552591595253,16.859953413840927,87.52682759957965,0.0,0.9072363510990799,diseased,early_blight,0.9731826502112909,0.3656,0.278,0.3007,694.89,0.09954630602102937,0.11611405776832698,0.0945897164197079,0.20361241605099792,12.436257721409792,76.68911225762167
AGR_0266,2024-04-23,4,Summer,33.68823231893057,24.403242891364556,48.35070744445626,0.94112855647433,0.11470613778404304,healthy,none,0.0,0.3642,0.2281,0.2146,716.3,0.05877412936577037,0.11863605071612986,0.1689166833810198,0.3624349472607538,12.280847276636992,76.98291615985917
AGR_0267,2024-06-16,6,Monsoon,27.359583592001744,18.0634636292627,91.40180270401079,0.0,0.6575406420519806,stressed,environmental_stress,0.5629841481047675,0.4851,0.3289,0.3462,702.48,0.08858700470844943,0.1200213036469789,0.14298204681081958,0.4123958782651936,12.491563911726434,76.7894826601479
AGR_0268,2024-04-17,4,Summer,28.869197760440276,21.41115804583619,69.52550013352604,0.0,0.017553622957859793,healthy,none,0.0,0.4093,0.2665,0.213,703.12,0.09396641631512405,0.11241144902322707,0.21053345113422903,0.502293537639189,12.605903359175443,76.67092452095864
AGR_0269,2024-12-28,12,Winter,26.19408408988561,16.51981208250595,71.76285299732623,0.0,0.04569673645334697,healthy,none,0.0,0.5093,0.3201,0.1847,715.77,0.07916783084537879,0.11523774819691883,0.12531459299590442,0.38544388671024765,12.491710759509218,76.73210197447607
AGR_0270,2024-05-13,5,Summer,30.45813321675932,23.463716335222557,69.45625177236252,0.0,0.1621226879726228,healthy,none,0.0,0.4449,0.2443,0.176,717.16,0.07825129342445639,0.13644958882663497,0.18798378285457953,0.48931321896339763,12.462524670122692,76.85363945595283
AGR_0271,2024-08-03,8,Monsoon,27.821754456182518,22.28561927755512,94.90690266008089,0.0,0.8371663851203768,diseased,early_blight,0.7431844778131058,0.4137,0.2832,0.2434,699.87,0.06733052428898686,0.1772342636694384,0.1470983070705904,0.3546868100045943,12.627775561717936,76.70914555554674
AGR_0272,2024-12-04,12,Winter,28.748514702118477,11.00166780756105,59.75841009174566,0.0,0.0,healthy,none,0.0,0.3614,0.3485,0.3121,717.18,0.0970684290298423,0.10891839803808946,0.15387880707043397,0.32804667702112245,12.623773816527368,76.59090882641867
AGR_0273,2024-07-10,7,Monsoon,27.56713617208978,21.077662445584117,90.88863053073818,0.0,0.915529984148244,diseased,leaf_spot,0.9346123563043613,0.389,0.3161,0.2917,697.17,0.10165925542038223,0.14694419162449907,0.10698308892621339,0.24320705485844582,12.296435284344806,76.54635740540513
AGR_0274,2024-02-03,2,Winter,23.898788782054982,12.88553348700605,95.0,0.0,0.5252615719619558,stressed,environmental_stress,0.3498765991049102,0.4409,0.2468,0.2492,710.99,0.054510142350019546,0.13138650913836689,0.194649855620725,0.5016472490858571,12.501234585228632,76.74489293399412
AGR_0275,2024-01-08,1,Winter,29.52414277425746,12.93423592609012,58.74061839781997,0.0,0.0,healthy,none,0.0,0.4819,0.2866,0.3187,723.44,0.08043762641142636,0.14260384354974986,0.17468961817425527,0.49965748923456643,12.268422583293178,76.53485971291687
AGR_0276,2024-01-20,1,Winter,25.013803261291418,17.45966446194539,82.74840760569269,0.6439171246687818,0.4141187272079311,stressed,environmental_stress,0.4008970182811,0.4396,0.2801,0.2183,709.5,0.08036033744088893,0.13417891037530216,0.09532566546876695,0.24488013563318506,12.4417490425534,76.71457474597916
AGR_0277,2024-08-07,8,Monsoon,29.777701821541992,18.56987355872515,80.12079389702463,0.0,0.6015006874182984,stressed,environmental_stress,0.3109383152476855,0.5424,0.3965,0.3256,709.83,0.04838498365381117,0.11816694258745901,0.12791767992890393,0.4311630889911307,12.488806540318565,76.78545352687607
AGR_0278,2024-04-19,4,Summer,39.8466739440437,17.354627629695187,60.67741780767699,0.0,0.24127827528239265,healthy,none,0.0,0.4298,0.3521,0.2418,708.49,0.08915032980253496,0.14580788914203585,0.1132859027241625,0.284069070001767,12.332604268498415,76.58487960069641
AGR_0279,2024-05-19,5,Summer,32.417952295642415,24.62088550622359,64.54395850204253,0.0,0.0,healthy,none,0.0,0.4094,0.2976,0.2194,721.12,0.13629308888945108,0.11686971621039324,0.16573228200021295,0.39550131772959723,12.50160653104975,76.53985753659364
AGR_0280,2024-10-08,10,Post-Monsoon,28.75615275066908,20.832018427984472,58.064712143100174,0.0,0.04114483275885904,healthy,none,0.0,0.573,0.3449,0.2879,711.92,0.0783366257839593,0.15635172895412064,0.11138557822479145,0.4103267319615853,12.349003428596877,76.81273903021233
AGR_0281,2024-08-15,8,Monsoon,33.03572785952226,19.673547143538187,95.0,4.793668871942185,0.6907017208410499,stressed,environmental_stress,0.44056709837734037,0.506,0.3521,0.3136,710.71,0.06603600650777901,0.170360240201177,0.07353437797392971,0.2241756543091865,12.210504578493179,76.51721565428666
AGR_0282,2024-03-30,3,Summer,35.31801892947079,22.19605178829329,66.19634790348825,0.0,0.0,healthy,none,0.0,0.4514,0.258,0.1921,724.72,0.07773038708235717,0.12664675420872631,0.1993900765617918,0.5275150512610001,12.582658149762693,76.96470174192457
AGR_0283,2024-03-14,3,Summer,30.87217903162226,19.41089527875103,40.65600495978143,0.0,0.0,healthy,none,0.0,0.3089,0.2891,0.1832,722.54,0.08788143420226928,0.12883023562855198,0.21661236184240365,0.4102502104116945,12.52679338502221,76.6369943907715
AGR_0284,2024-09-16,9,Monsoon,24.662108316285583,19.934619365997595,78.54046219940602,0.0,0.30020447129768285,healthy,none,0.0,0.5537,0.3753,0.4123,711.8,0.08446175120761,0.15168552418878284,0.19417979941770533,0.6759963126939026,12.238741486896192,76.64115691710536
AGR_0285,2024-11-19,11,Post-Monsoon,28.19504279345568,17.2708164033574,65.03431904215256,0.0,0.0,healthy,none,0.0,0.5472,0.3753,0.3228,717.95,0.025735147316731766,0.12768665508245933,0.16933759567720155,0.5786199824023107,12.49103506556211,76.89890234067053
AGR_0286,2024-01-27,1,Winter,20.443267524729798,7.10780958951281,70.82563593845252,0.0,0.19051757687191279,healthy,none,0.0,0.4054,0.3023,0.1776,724.21,0.07500380200631508,0.129563900734768,0.15892364900239575,0.3756328562192516,12.227305151606734,76.98592265066274
AGR_0287,2024-06-13,6,Monsoon,31.78746968463085,20.142648632248978,64.60461555532243,0.0,0.11941601825244574,healthy,none,0.0,0.6699,0.406,0.3015,716.64,0.06657712786473757,0.06059548622835038,0.12993084380284486,0.6572902637575604,12.226240855049863,76.7251181433363
AGR_0288,2024-01-10,1,Winter,22.083542805392018,17.94695844826633,63.53253781850085,0.0,0.0,healthy,none,0.0,0.4229,0.3014,0.2813,718.93,0.10568191587896235,0.04720823788394375,0.05452280519217309,0.13443164011080072,12.64371226768518,76.946966755335
AGR_0289,2024-08-06,8,Monsoon,26.512365483969553,21.354363373450095,86.46023424317951,0.0,0.5992367660306244,stressed,environmental_stress,0.38360829477855773,0.5407,0.3327,0.345,707.92,0.04856843842641645,0.0961864042794309,0.15597424805863142,0.5232081950444881,12.27726041499526,76.71978147088645
AGR_0290,2024-02-24,2,Winter,24.754144644810715,18.27246800356656,53.394122307356064,0.0,0.15380654361054694,healthy,none,0.0,0.5006,0.2856,0.2891,718.46,0.09420006518074109,0.17454032996841112,0.17359125902137354,0.5216080161943796,12.594100464933351,76.51202061868322
AGR_0291,2024-09-14,9,Monsoon,28.440748829913787,23.71329487312391,81.1458722312522,0.0,0.8988333993580596,diseased,viral_infection,0.762258103778895,0.5245,0.3427,0.3371,701.15,0.09039804279057505,0.1760645352163156,0.16678822433429064,0.5347395331180358,12.457583514193294,76.99514258529247
AGR_0292,2024-09-24,9,Monsoon,28.532137512743404,15.800253535561907,80.20100665119348,0.0,0.8098329200694048,diseased,viral_infection,0.6750017828475922,0.4754,0.3614,0.3122,704.79,0.08108702957094033,0.07969719098634913,0.18888363275025843,0.5312217151348291,12.63625997591468,76.62207378025346
AGR_0293,2024-03-12,3,Summer,40.21373376606295,26.894715212964268,74.32918716428316,0.0,0.19082939758548742,healthy,none,0.0,0.35,0.2995,0.2245,721.41,0.07416482735482927,0.11820521569410289,0.16974240817337166,0.35254192466777196,12.360498522820448,76.76304700662577
AGR_0294,2024-05-29,5,Summer,32.70020017845249,20.94266540267195,59.64339211626622,0.0,0.0,healthy,none,0.0,0.415,0.2515,0.2394,725.59,0.08244281428148095,0.16550226864365333,0.19808226404263796,0.47912205747065423,12.402554027293927,76.50135407491022
AGR_0295,2024-09-08,9,Monsoon,29.7761207101019,19.8409454645836,65.85052678612698,3.387274852723861,0.46065473862883355,stressed,environmental_stress,0.5444381002570976,0.468,0.3149,0.2931,707.26,0.08885144707121136,0.07444639023098726,0.14643045333830312,0.40405997274554317,12.326992376688127,76.93884608941393
AGR_0296,2024-05-17,5,Summer,31.06138086061095,19.62242965865436,58.64602127407734,0.0,0.0,healthy,none,0.0,0.3651,0.2324,0.2477,717.28,0.0572564244839488,0.09321511208045762,0.2113173348214223,0.45435390418132554,12.629161469439428,76.92243204270525
AGR_0297,2024-06-03,6,Monsoon,28.098123268806305,17.813026532628065,88.98548913804925,5.047954646536171,0.7381903377051613,diseased,fungal_infection,0.9464931481070682,0.3852,0.2731,0.2669,697.31,0.0859730889651898,0.12482653148975306,0.11309629332689886,0.25481617683217356,12.46573962314091,76.72898160724476
AGR_0298,2024-02-26,2,Winter,26.266325780469717,19.670645509640078,61.99288086263182,0.0,0.0,healthy,none,0.0,0.4908,0.3091,0.3434,722.74,0.06692203223348847,0.12081940139554316,0.14810517189822256,0.4336119211819918,12.355117641872353,76.5908817988806
AGR_0299,2024-01-20,1,Winter,20.253469709961617,11.538801627827144,52.323070837601,0.0,0.04042128652773321,healthy,none,0.0,0.4795,0.3101,0.2525,720.57,0.09360440720953382,0.12922210709159065,0.11701550998260955,0.33261180983529465,12.617162397874699,76.78867670060984
AGR_0300,2024-02-21,2,Winter,27.423869647478323,13.147631091849814,75.7402601504639,2.0112873813682133,0.24510806401946988,healthy,none,0.0,0.3489,0.3031,0.2467,709.49,0.08382985703346348,0.09319420545140035,0.2737056511385073,0.5670427780997274,12.533467708778607,76.63357203493533
AGR_0301,2024-11-20,11,Post-Monsoon,25.606673299758995,20.666319351033454,70.41799615627097,0.0,0.0,healthy,none,0.0,0.5522,0.3525,0.3083,714.18,0.05134657420520695,0.12437509410646151,0.1734119774606535,0.6010943979777276,12.61748689284148,76.85517575035617
AGR_0302,2024-12-16,12,Winter,27.14717901717043,15.358429022927142,61.65776450420476,0.0,0.024230227466384768,healthy,none,0.0,0.5166,0.2979,0.3318,723.14,0.07074087794783057,0.07823171457432287,0.16090276468814427,0.5048099564047157,12.63966223168128,76.75711350563299
AGR_0303,2024-10-17,10,Post-Monsoon,28.155289413685196,17.62447671485051,77.70323155827371,0.44987711715131956,0.25409085185609903,healthy,none,0.0,0.5861,0.3506,0.3221,712.32,0.030038779650141213,0.12601378894241186,0.17435621425018527,0.6681478410780837,12.355826458327323,76.76265913222537
AGR_0304,2024-02-18,2,Winter,26.919278325346735,14.249824632624307,73.6020948041781,0.0,0.07282358290884482,healthy,none,0.0,0.4267,0.2989,0.317,711.57,0.0885826572304459,0.09849873513248936,0.19401046412923878,0.48280957469594454,12.568413227875752,76.7505201184923
AGR_0305,2024-11-13,11,Post-Monsoon,29.94619355827458,21.520326829897336,60.91182917957286,0.0,0.031085819079481138,healthy,none,0.0,0.4634,0.3643,0.3717,720.6,0.039526920439756655,0.12601354513020951,0.13723320341589623,0.3742584231808098,12.491217538444147,76.59329504843659
AGR_0306,2024-03-24,3,Summer,33.41257182033872,18.259665256486407,63.0401904655683,0.0,0.05657736996720634,healthy,none,0.0,0.345,0.2715,0.1648,719.32,0.047374510088636704,0.10789580820020984,0.17016404297923382,0.3494208210794954,12.543470717501755,76.94655687066124
AGR_0307,2024-02-11,2,Winter,27.37344013453759,12.39224293435225,59.855522507650186,0.0,0.08500793324175533,healthy,none,0.0,0.4646,0.3065,0.281,719.23,0.10567633719707123,0.15884956754450869,0.1717688140936139,0.4698778579034495,12.551638613866226,76.91722912642805
AGR_0308,2024-07-22,7,Monsoon,27.900877263780163,24.121918872925026,84.21481213628793,2.828075741119025,0.8220916808143894,diseased,early_blight,0.9815747010105635,0.3719,0.256,0.2357,694.44,0.07004783266875322,0.12400446084225537,0.13634687520945893,0.2978097088041024,12.66057194009042,76.98804301209978
AGR_0309,2024-01-16,1,Winter,24.965346105320055,12.540803634569146,77.64995164792177,0.0,0.012090381673425854,healthy,none,0.0,0.4902,0.3025,0.3165,709.29,0.07416957378165008,0.11350786737120405,0.16080825164953244,0.4700597422678172,12.673649999710033,76.60281074384967
AGR_0310,2024-05-11,5,Summer,42.646649625124134,23.423612039396595,66.39308602735268,0.0,0.062254259297462644,healthy,none,0.0,0.4361,0.2144,0.3319,730.99,0.07639016682020523,0.09220532805899269,0.21745214296811455,0.5537914923151432,12.620009415960348,76.77249113905
AGR_0311,2024-03-08,3,Summer,33.624839450238966,26.039930294303446,46.081822222215365,0.0,0.11801281737415277,healthy,none,0.0,0.4516,0.228,0.2666,717.35,0.06898036392923501,0.12504046021597584,0.18780846138445934,0.49712392878497663,12.616195520850953,76.99581217148061
AGR_0312,2024-04-10,4,Summer,42.77837597438809,20.963594058579783,57.939148876942234,0.0,0.16500541654851597,healthy,none,0.0,0.3493,0.2476,0.2474,719.22,0.06776600677734043,0.0319151390970253,0.11458036453648607,0.23759533712783254,12.424637273478325,76.97024859925651
AGR_0313,2024-03-09,3,Summer,35.647552744961025,23.11063566982522,73.76471249652965,0.0,0.0,healthy,none,0.0,0.3825,0.2766,0.2648,712.82,0.09745836694666574,0.16349560559320048,0.09295510524955294,0.20811406155061857,12.27304828277066,76.91150178722347
AGR_0314,2024-07-26,7,Monsoon,27.497327981796325,20.378811801559124,85.7905443114306,0.0,0.8436610335038996,diseased,early_blight,0.6028171658496567,0.4836,0.3066,0.2858,702.28,0.0924246990514799,0.1586586938351428,0.15294466038514787,0.43940491508018087,12.460866709426622,76.60660196569457
AGR_0315,2024-01-29,1,Winter,24.587008508919148,13.653588596511655,82.47991126703242,0.4188931492316493,0.20280787740479908,healthy,none,0.0,0.4489,0.2677,0.2536,715.92,0.07655711452583053,0.14176585119113955,0.1554668748465153,0.4087388041464636,12.448371714002992,76.9214727412281
AGR_0316,2024-02-27,2,Winter,25.476495819186674,13.127239738287916,65.003322745955,0.0,0.16514498302752437,healthy,none,0.0,0.359,0.3242,0.2694,715.93,0.07212894253501721,0.147299873463637,0.18512591741354123,0.39249004955538613,12.606804406683677,76.85747641177589
AGR_0317,2024-01-11,1,Winter,24.26088442475994,11.508426846720527,92.4743342698758,0.0,0.3654835294550204,healthy,none,0.0,0.4682,0.3239,0.2319,717.96,0.03960145335687727,0.16325835017405668,0.12950503037293226,0.357539085358291,12.27193807769489,76.5043095012959
AGR_0318,2024-02-09,2,Winter,22.960013793719927,20.960013793719927,43.73233892434715,0.0,0.011873408820849501,healthy,none,0.0,0.4122,0.3164,0.251,720.59,0.07918314064967837,0.12504627044052172,0.13039113631938842,0.31326703421272595,12.420090164348595,76.53465388651915
AGR_0319,2024-06-25,6,Monsoon,24.805200132525584,16.91012530664648,80.68555988429384,0.0,0.14024742983655444,healthy,none,0.0,0.689,0.361,0.3516,710.29,0.10629629289688562,0.11978629163374989,0.1571269633907774,0.8,12.442942803094805,76.78292589370534
AGR_0320,2024-05-13,5,Summer,34.09737447715099,26.167073088888287,74.55987024534609,0.0,0.16163000427219165,healthy,none,0.0,0.3863,0.2284,0.2473,716.75,0.08734191683467721,0.11599206620016692,0.23862178464819056,0.5390278312820377,12.471470222244664,76.56469030848335
AGR_0321,2024-04-13,4,Summer,37.22694335534374,22.738250845949228,52.96579959290685,0.0,0.0,healthy,none,0.0,0.4288,0.2599,0.1897,718.6,0.08801383674171413,0.1367587959826354,0.045111233818362295,0.11284126554565135,12.242106505588549,76.99228794818805
AGR_0322,2024-11-21,11,Post-Monsoon,33.985738414264375,13.706411332264118,56.70500850728881,0.0,0.16939370670974932,healthy,none,0.0,0.5334,0.3153,0.2895,716.66,0.07102051837741877,0.12025950531926755,0.09476686554892183,0.31143487276621673,12.46665418122937,76.99799682455036
AGR_0323,2024-11-09,11,Post-Monsoon,28.619152947849493,15.976971139284224,53.84170902011624,0.0,0.0,healthy,none,0.0,0.5182,0.3682,0.3342,722.37,0.09053795847331587,0.11427383341340461,0.1420721729448112,0.44768363006395256,12.595041624985718,76.80814537417707
AGR_0324,2024-11-16,11,Post-Monsoon,30.934488206065335,15.343013215031306,68.7665989850228,0.0,0.08097182650878448,healthy,none,0.0,0.5455,0.3365,0.3729,723.13,0.05711701711165879,0.10086615284650415,0.12800199122238093,0.4352630966648839,12.471013534833189,76.98410442043145
AGR_0325,2024-03-09,3,Summer,37.439406175198464,22.243835266168595,64.43160377424753,0.16241217431059465,0.23883719928704386,healthy,none,0.0,0.4536,0.2913,0.2405,722.65,0.09035989552782904,0.12078614258322107,0.1378574269893634,0.36674516081943387,12.42978148875276,76.7494839721104
AGR_0326,2024-02-07,2,Winter,22.56136290730182,16.089856169651927,54.14982246884802,0.0,0.06627818860209612,healthy,none,0.0,0.4513,0.3429,0.2512,719.86,0.06495439990969679,0.12584414745481903,0.2003738851229776,0.5299847265882585,12.49246544698936,76.63311575074941
AGR_0327,2024-07-03,7,Monsoon,30.058743919995827,21.037742360880245,88.96644016822057,0.0,0.590032947721673,stressed,environmental_stress,0.5260426816339442,0.5021,0.354,0.2842,704.49,0.08195626586186615,0.15311800640105722,0.1397487670299371,0.42160398263841836,12.62807681099733,76.54961883245984
AGR_0328,2024-09-10,9,Monsoon,29.754049845753766,19.25954881626729,88.13421217877554,4.879379091062655,0.9339139237773145,diseased,fungal_infection,0.742426919647658,0.4246,0.3252,0.2629,702.62,0.09343889215628995,0.1315260621601769,0.1102228591280083,0.2728944822971161,12.413770927679856,76.58043014674254
AGR_0329,2024-01-29,1,Winter,25.74864456879423,13.787263202408313,68.9819398924359,0.0,0.06455877121741935,healthy,none,0.0,0.4447,0.2337,0.2968,717.49,0.10404902495966145,0.08714188443471585,0.022931847472159955,0.059660796043633155,12.623392500934871,76.91597077084403
AGR_0330,2024-01-18,1,Winter,27.03946103748691,15.412558718171054,70.97401658268988,0.0,0.02155070231841089,healthy,none,0.0,0.4754,0.375,0.2808,717.85,0.07322803206770025,0.12704745742558324,0.12651912726595163,0.3558260014643253,12.423675274502813,76.60522983608827
AGR_0331,2024-01-07,1,Winter,26.48827701423062,16.458554374685818,35.759423670163656,0.0,0.0,healthy,none,0.0,0.3415,0.3003,0.2806,713.31,0.06378048732148554,0.16747664907937596,0.13969793715418782,0.2845934437241351,12.302994092094236,76.85464806357038
AGR_0332,2024-11-12,11,Post-Monsoon,29.80350875748082,13.18996227102377,80.01974367814934,0.0,0.4038502001628599,stressed,environmental_stress,0.5751230338409439,0.4167,0.365,0.3038,709.0,0.08917782792723798,0.10642558320040794,0.09772600570179957,0.23735373268942134,12.340898675198245,76.63376351512417
AGR_0333,2024-08-19,8,Monsoon,27.103538837723022,19.065142572483435,82.36127538713322,4.376658099443805,0.7120499527732049,diseased,early_blight,0.6508899547748043,0.4607,0.3121,0.3022,700.26,0.0789109807515825,0.1264360328108764,0.21990219630493052,0.5956075248333248,12.30104046804326,76.55503688009053
AGR_0334,2024-08-22,8,Monsoon,28.151609028378733,22.979605263142705,78.51609134101346,2.3577939648642072,0.45353405477954584,stressed,environmental_stress,0.5268930290940882,0.4739,0.3526,0.3373,706.65,0.10332741091338504,0.1359292698589227,0.06287154721074278,0.17613832623819387,12.254200186358311,76.93796651109311
AGR_0335,2024-08-16,8,Monsoon,26.411599109478974,19.30363485807476,86.76547956103873,2.5844355816657716,0.9027259226368181,diseased,leaf_spot,0.8021414672951305,0.4595,0.3078,0.3097,701.41,0.12199516796653116,0.13646915751184402,0.16298754326540338,0.440111599252278,12.230837291810477,76.72503208520789
AGR_0336,2024-04-30,4,Summer,32.8630389121483,22.452732890875208,65.66911586651435,0.0,0.12570797684810706,healthy,none,0.0,0.3322,0.2766,0.2117,712.54,0.0531985585775213,0.1329665007227776,0.12274479059721705,0.24486464515365766,12.267813308003657,76.57281432335272
AGR_0337,2024-08-16,8,Monsoon,30.90347807207561,19.957146892546874,84.77273710165468,0.0,0.70535406306155,diseased,early_blight,0.906911671006252,0.3964,0.2756,0.2736,697.01,0.06677686630691695,0.1412449336440072,0.16324586036750804,0.3776615629840759,12.546257006380596,76.62176416944976
AGR_0338,2024-04-09,4,Summer,37.6836449931075,23.81137156083368,59.121848519197,0.0,0.0,healthy,none,0.0,0.4134,0.2563,0.1999,720.63,0.06376156681784015,0.11176463101353226,0.11415478128109949,0.275053474024388,12.692967084312459,76.89034103734393
AGR_0339,2024-04-21,4,Summer,36.21374874499929,10.873610172030126,91.32217813399421,0.6954753515629973,0.43251691300519507,stressed,environmental_stress,0.34774772519814895,0.3509,0.2259,0.1645,715.47,0.05884795598430144,0.09998145793631155,0.12277668455733287,0.25552152698890923,12.564605474250426,76.75014525933909
AGR_0340,2024-04-24,4,Summer,30.447766725378933,23.093439183539473,74.79235813279678,0.6232663761276579,0.08821137720755068,healthy,none,0.0,0.3693,0.2394,0.234,716.38,0.12290072841537414,0.14684031427314395,0.18878192267556387,0.4098606099883456,12.307731453637864,76.56024091121924
AGR_0341,2024-10-12,10,Post-Monsoon,31.414057472483186,13.86065276520165,66.31669152213453,0.0,0.0,healthy,none,0.0,0.5863,0.4066,0.3743,723.79,0.07652129856759143,0.1619559082412149,0.2138739917842337,0.8,12.624734950791831,76.77060188288564
AGR_0342,2024-08-24,8,Monsoon,32.58678698444122,20.73074184443063,77.66275606903162,0.0,0.46698080980093387,stressed,environmental_stress,0.5603169458415277,0.5065,0.3464,0.2803,705.95,0.09046079265927116,0.11615919396050287,0.18203061706958362,0.5556821167483844,12.640625340840945,76.67509326216599
AGR_0343,2024-05-31,5,Summer,33.431273755209666,21.747532628135502,64.66425791912191,0.0,0.004762101996249564,healthy,none,0.0,0.3857,0.2767,0.1877,715.96,0.08005322316253104,0.15694142808538297,0.08318331442794395,0.18763978317239446,12.624303275949389,76.94432105691826
AGR_0344,2024-11-03,11,Post-Monsoon,27.252783988858432,21.418913436042093,48.692847496440514,0.0,0.0,healthy,none,0.0,0.5143,0.3632,0.3702,722.71,0.06714015219762082,0.11361950489337233,0.08618460399297016,0.2687036150433492,12.534335442448945,76.65770819562934
AGR_0345,2024-01-12,1,Winter,18.88271346026884,13.935161309379081,72.5343683807358,0.0,0.0,healthy,none,0.0,0.4081,0.2776,0.2589,716.47,0.05996086286608343,0.1304765042369563,0.15915785520816955,0.37862844385643446,12.532408995358134,76.55260977761908
AGR_0346,2024-06-28,6,Monsoon,31.145447953151777,20.975549642168676,79.1261334242317,19.561481012919685,0.4858470362662153,stressed,environmental_stress,0.4788775725698106,0.4899,0.3564,0.3437,708.43,0.0808556580424864,0.13482540642842383,0.17666824243434437,0.5160125747950004,12.536804915998347,76.53244963976921
AGR_0347,2024-05-31,5,Summer,34.74953672554831,22.27550727480504,78.44585131022903,0.0,0.278834302085942,healthy,none,0.0,0.3625,0.2714,0.3282,711.54,0.08912477594734629,0.16833887300730788,0.1886377234188896,0.40316689907174447,12.462885168341613,76.85905086897802
AGR_0348,2024-04-18,4,Summer,35.92994647367747,24.704489599428197,57.961312435060165,0.0,0.0029866923257825533,healthy,none,0.0,0.5037,0.249,0.301,719.53,0.08998191632275498,0.06923187505070014,0.14318456938447216,0.4338235683728205,12.5750804164773,76.84670042671452
AGR_0349,2024-10-24,10,Post-Monsoon,27.561529228990306,23.8754229033945,37.721696979699445,0.0,0.08133160726017433,healthy,none,0.0,0.5368,0.4227,0.2398,719.5,0.10683498967503195,0.12316017134488189,0.16209434772067646,0.537794891142348,12.4613547270338,76.5117959838904
AGR_0350,2024-02-07,2,Winter,27.12805754336595,15.05837476655665,62.922316330891626,0.0,0.0,healthy,none,0.0,0.3802,0.2901,0.1894,711.37,0.08285899220230777,0.126801350590217,0.16225755337020673,0.36132280600445194,12.43263876563796,76.52911891541014
AGR_0351,2024-08-17,8,Monsoon,28.00962960329049,18.221512622211797,86.55409127743408,0.0,1.0,diseased,early_blight,0.6723498097701345,0.4222,0.2958,0.2996,699.19,0.07964987101623446,0.16637431281492493,0.19394114488856545,0.4773677678444407,12.38933710498639,76.97721139016053
AGR_0352,2024-08-08,8,Monsoon,22.799591505891435,20.442986614265664,85.69144151270034,0.0,0.5575896184415902,stressed,environmental_stress,0.5906444071733413,0.4647,0.3442,0.3483,706.35,0.09253909496512265,0.11168840699162726,0.1680825604060646,0.45991131370588983,12.402857212090472,76.52054118247777
AGR_0353,2024-04-22,4,Summer,30.16314187806728,24.667461474363417,48.17373345716168,0.0,0.08063654246577089,healthy,none,0.0,0.3644,0.2713,0.2091,721.15,0.10381492232050496,0.1344997448175841,0.1924477710510633,0.41311475585599566,12.684472198587144,76.85697897393239
AGR_0354,2024-10-16,10,Post-Monsoon,31.970082778993287,22.097596005557968,89.4610243195456,0.0,0.7261838986406379,diseased,fungal_infection,0.8519489600732715,0.3574,0.25,0.2542,695.37,0.07372009807384096,0.12943120602597413,0.13897444935779493,0.2935635193872873,12.552992633025408,76.61910471773781
AGR_0355,2024-02-18,2,Winter,24.575220855688926,14.227138543467017,63.955498200498376,0.0,0.0,healthy,none,0.0,0.4742,0.3018,0.2323,720.56,0.09333744690151582,0.10988827541866124,0.1555166608367224,0.4360263625056982,12.591424308993329,76.92275540542028
AGR_0356,2024-11-26,11,Post-Monsoon,25.253330499760565,18.15068309749704,72.19261322002413,0.0,0.07289411945704503,healthy,none,0.0,0.5201,0.354,0.3498,714.5,0.07150201821594387,0.15174067164347438,0.15766527848269557,0.4994102726016786,12.650815614743179,76.96309649320732
AGR_0357,2024-03-01,3,Summer,39.79413050848475,21.99713988624038,81.61185396003427,1.2537316488407653,0.4320431792946765,stressed,environmental_stress,0.46768597208111307,0.3416,0.2429,0.1511,704.82,0.09522528582329479,0.14575455515758737,0.1834243210047988,0.3737576990583811,12.358644491887953,76.74185691619536
AGR_0358,2024-02-21,2,Winter,26.319477421093247,9.748776793657488,68.51514858275449,0.0,0.29544290765859527,healthy,none,0.0,0.5274,0.2758,0.2851,715.23,0.08655743636466581,0.09583158771768119,0.19904625470205822,0.6432993005330592,12.474882275633009,76.72617651923936
AGR_0359,2024-02-25,2,Winter,22.63920534938834,16.380163024339332,68.39758028172933,0.0,0.1040430892644839,healthy,none,0.0,0.3459,0.2922,0.2741,713.03,0.11462339263534599,0.10093770359313789,0.14834829251970869,0.3052468535426936,12.295531069673178,76.89525680376683
AGR_0360,2024-11-29,11,Post-Monsoon,27.32923673985404,13.432755917199781,71.53496849685503,0.0,0.06200799984463362,healthy,none,0.0,0.5258,0.3554,0.3305,721.47,0.12763427063465094,0.1448170832297227,0.19639359865553377,0.6319218743749757,12.461643124650124,76.5583739513844
AGR_0361,2024-12-28,12,Winter,23.482101403036435,13.100144443961566,73.79118551510545,0.9299954269371103,0.016319845949635755,healthy,none,0.0,0.4228,0.3653,0.2809,709.81,0.11641030200439163,0.1010055298812825,0.11101052036879322,0.27364131736091307,12.462250287109487,76.8259340468238
AGR_0362,2024-08-14,8,Monsoon,31.96225038347848,20.338750102543223,88.54991433015844,0.0,0.8526723847821758,diseased,early_blight,0.8798111481610287,0.3623,0.276,0.2667,699.76,0.052043890431514056,0.15607729515675683,0.15719657478185667,0.33581447988916946,12.242701242145436,76.72490199535221
AGR_0363,2024-08-17,8,Monsoon,30.513491605688444,21.02674513727604,73.995074274554,0.0,0.19946085002731337,healthy,none,0.0,0.5469,0.4314,0.3161,710.87,0.0738306133358019,0.05898178149334511,0.09474460501791004,0.3234615526422535,12.414459479746855,76.79278064674872
AGR_0364,2024-02-12,2,Winter,22.5469528101846,11.598508929580937,58.81281482168095,0.0,0.0,healthy,none,0.0,0.345,0.2808,0.2839,719.06,0.06469875334178149,0.15508224696469386,0.12366360259526636,0.25393518395516523,12.265158994045645,76.67281351851808
AGR_0365,2024-09-26,9,Monsoon,29.38736195838138,20.527378974138987,94.77782166683872,0.0,1.0,diseased,fungal_infection,0.6173733428942549,0.4651,0.3381,0.2921,709.72,0.11267402034695101,0.0719127731460481,0.11863345580286741,0.3249390093415238,12.54086242520617,76.60389523235237
AGR_0366,2024-05-17,5,Summer,32.43567493384658,23.977163031740258,80.40341927386872,0.0,0.2599577541245356,healthy,none,0.0,0.4355,0.3063,0.2808,714.99,0.09196660347615708,0.06825249312174571,0.12252254328222996,0.31156972698253516,12.351383803808712,76.72967300508641
AGR_0367,2024-02-18,2,Winter,29.177964664852155,13.053381001896947,77.4774143321795,0.0,0.13132185661484386,healthy,none,0.0,0.3855,0.2164,0.2621,715.46,0.07343708310346853,0.08964589436973684,0.18241989996601068,0.4112982447565627,12.434300905060754,76.79565057446162
AGR_0368,2024-02-06,2,Winter,25.92563770791765,16.464751853954684,66.17191255242179,0.0,0.0,healthy,none,0.0,0.4455,0.293,0.2622,723.36,0.05723838078086975,0.11174979806545646,0.19996000831290012,0.5212663516975602,12.288939897730314,76.94426664426224
AGR_0369,2024-12-09,12,Winter,27.95114408058399,15.52552484792701,50.52085490600663,0.0,0.01983935171774867,healthy,none,0.0,0.4432,0.2878,0.2742,719.99,0.045062086173088906,0.10383717487961713,0.13980212118385643,0.3623606704248233,12.200714171539587,76.72479167646013
AGR_0370,2024-04-14,4,Summer,32.10325493623259,21.826943191307933,89.26623965786314,3.59438763211529,0.6559937702372821,stressed,environmental_stress,0.46320898958837264,0.3671,0.2929,0.1703,710.41,0.0819661541677658,0.06466271306668234,0.1999812289460691,0.43197082966056416,12.278458636018613,76.50751127099028
AGR_0371,2024-05-06,5,Summer,36.68469290632779,21.175593085741937,31.981347898236223,0.0,0.11364705083670375,healthy,none,0.0,0.3488,0.2818,0.2502,723.99,0.08395498271076138,0.09512672458097864,0.08580980048356124,0.1777338127951895,12.358456506909272,76.73369366772397
AGR_0372,2024-08-28,8,Monsoon,26.890512734366464,19.344126955244988,86.39723744511174,0.0,0.8121719187670987,diseased,early_blight,0.8141653342045871,0.4105,0.297,0.242,697.78,0.10102984992517378,0.1370809775578132,0.12279322393199096,0.29380804470919974,12.467735287295667,76.96787463076228
AGR_0373,2024-09-21,9,Monsoon,28.03979392925192,21.072506989811398,89.42259158457287,0.0,0.9752922665287832,diseased,fungal_infection,0.6936410659882563,0.4644,0.3207,0.2784,703.88,0.07092722302166472,0.0727710795433334,0.1099759047555871,0.30068841472009283,12.66757928618831,76.68166128604311
AGR_0374,2024-05-26,5,Summer,40.404063009948004,17.462413104103373,45.039423030036104,0.0,0.0,healthy,none,0.0,0.449,0.2253,0.2543,716.36,0.0674188653728319,0.12590226971297117,0.1524903942531733,0.4010137591158768,12.351682141107084,76.6964195382407
AGR_0375,2024-11-17,11,Post-Monsoon,27.562604448953863,15.495674462119831,58.028086941225745,0.0,0.16180920181695657,healthy,none,0.0,0.5171,0.3332,0.2768,716.7,0.04355751754042319,0.1181963785841281,0.09655161998073743,0.3033308400761581,12.552087778097345,76.51489525201632
AGR_0376,2024-07-11,7,Monsoon,26.097360418943417,17.907841968293496,90.46967629526424,0.0,0.8946757429910799,diseased,early_blight,0.7432876164972291,0.4164,0.2813,0.2936,698.85,0.07644808010482522,0.13967676413362748,0.18855627736303449,0.45762698981665867,12.60335390387253,76.50182815567233
AGR_0377,2024-05-07,5,Summer,34.91960499292139,16.796911524239576,95.0,0.0,0.4351955365935016,stressed,environmental_stress,0.5288543707039437,0.3612,0.2204,0.2485,709.6,0.06721428365371883,0.14370044004855134,0.14037719871295676,0.2991256150408214,12.23484534836506,76.52910875603767
AGR_0378,2024-10-02,10,Post-Monsoon,27.90715064817283,15.137836637686238,58.77237078254432,0.0,0.0,healthy,none,0.0,0.4748,0.4237,0.3373,710.58,0.07116302145518352,0.12332659148485253,0.21818368373189506,0.6126757364200283,12.5490352732017,76.81906995125813
AGR_0379,2024-04-11,4,Summer,30.567550166964523,22.487739600216457,95.0,0.0,0.6921484699164994,stressed,environmental_stress,0.3148048691092264,0.3378,0.2091,0.256,708.92,0.10114273537601859,0.14856090394311905,0.24396397035151113,0.4928646927457741,12.20235621276112,76.53619469913215
AGR_0380,2024-02-02,2,Winter,23.403482631269664,16.156419211370856,71.19470848287571,1.3972628469338988,0.0,healthy,none,0.0,0.3127,0.2646,0.2903,706.96,0.1036836203273443,0.1510847178341551,0.1516438552773282,0.2896302761858704,12.399859775487213,76.97685181324586
AGR_0381,2024-01-15,1,Winter,26.79379310268582,14.34775084345429,80.46434973719509,0.0,0.4061912481241572,stressed,environmental_stress,0.3226891091503648,0.3945,0.3162,0.2786,709.77,0.0956313110776435,0.10793730823598355,0.10579730736560101,0.24365705222350229,12.376787561816137,76.56623447700893
AGR_0382,2024-12-04,12,Winter,25.496210980899114,10.853947293922687,57.74574290666845,0.0,0.08417807747840128,healthy,none,0.0,0.3827,0.3002,0.234,713.69,0.11598502091372391,0.1457668438997962,0.13991696136360104,0.31340220715608486,12.510753655569042,76.51939972736444
AGR_0383,2024-10-09,10,Post-Monsoon,32.01610483696633,13.187253132240443,45.205725373500016,0.0,0.0,healthy,none,0.0,0.4843,0.3363,0.3566,725.36,0.09580252425237648,0.11291423350150627,0.16369993867641655,0.47116505522087465,12.570008900079106,76.654866624473
AGR_0384,2024-02-20,2,Winter,26.384274498875556,18.902824539095096,56.33578673202645,0.0,0.0,healthy,none,0.0,0.3909,0.2927,0.2162,722.38,0.11378377867303358,0.17009768344213916,0.1989579501258402,0.4543270609588428,12.33248353077772,76.72431629580886
AGR_0385,2024-08-16,8,Monsoon,27.407138596612103,19.17035058345494,90.14804139241689,0.0,0.8617574041867005,diseased,leaf_spot,0.6313308220596874,0.4796,0.356,0.3229,704.2,0.08635895514646763,0.15769707305180944,0.1420004606630976,0.4037353604863936,12.351339605189377,76.73387433768733
AGR_0386,2024-01-09,1,Winter,21.86341154297784,14.921217620190443,55.63234317367134,0.0,0.07469808401047098,healthy,none,0.0,0.5446,0.3102,0.2476,719.3,0.07142650406237389,0.12278790702341962,0.10130079251056662,0.34358630678924285,12.291461462981042,76.6825237833463
AGR_0387,2024-01-23,1,Winter,24.974244394421184,12.9955708550167,67.90069177886238,0.0,0.029703947087987504,healthy,none,0.0,0.38,0.3285,0.3469,713.42,0.10433937725362641,0.1085436196681293,0.2102316448430434,0.46793495142483854,12.442092249161298,76.82405106363053
AGR_0388,2024-05-31,5,Summer,37.68323396838366,29.50888772680892,64.88968019526777,0.0,0.020193220106595626,healthy,none,0.0,0.3654,0.2678,0.1918,711.77,0.08902828176189273,0.14970964587096997,0.1441160659122232,0.3100789101742035,12.532050335573945,76.7640237245019
AGR_0389,2024-09-09,9,Monsoon,25.239626468484644,23.239626468484644,80.05461470122188,0.0,0.5729048278907717,stressed,environmental_stress,0.4551353792570758,0.4995,0.3621,0.3093,711.08,0.08302436687990279,0.12283522959142172,0.10806995345123793,0.3237780123878747,12.639731346755946,76.70501189337087
AGR_0390,2024-08-09,8,Monsoon,24.117198035276182,19.831737518950597,87.55333421182621,0.0,0.6195672307635306,stressed,environmental_stress,0.4581441882897541,0.5304,0.3817,0.3979,705.43,0.08261254817550016,0.10566010403740024,0.1837063084104429,0.5986885314977465,12.452828178715109,76.53857218704303
AGR_0391,2024-10-14,10,Post-Monsoon,30.814856758429862,16.98072297705743,68.47411211252138,0.0,0.0,healthy,none,0.0,0.5694,0.3729,0.3772,707.97,0.07205618066973135,0.16797163546436064,0.1725279361386925,0.6288094356155689,12.40546645248138,76.81460959650414
AGR_0392,2024-03-13,3,Summer,41.25280583837194,26.192343881310826,70.65852753638983,0.0,0.14582705867501058,healthy,none,0.0,0.4491,0.2532,0.2055,716.24,0.08208036427926037,0.12944511569685574,0.059887317638033205,0.15752897438604815,12.362352667129132,76.99072379771457
AGR_0393,2024-03-01,3,Summer,31.130177924599526,21.533896797429033,35.239341452179055,0.0,0.0,healthy,none,0.0,0.3886,0.2565,0.2107,721.6,0.09592267329847523,0.12449755960445621,0.15480481130874632,0.35158973010030287,12.331518088769464,76.61227973463444
AGR_0394,2024-09-27,9,Monsoon,25.14644688883613,19.31635635950773,76.94458111243884,0.0,0.4047825319784683,stressed,environmental_stress,0.3550738882065438,0.5117,0.3386,0.3665,709.02,0.054637263900493754,0.11495222596537374,0.15273486263870634,0.4728431125351882,12.273726958713066,76.805827837823
AGR_0395,2024-07-21,7,Monsoon,22.7605998232629,20.053144566883695,82.8640576785937,0.0,0.5532365330849129,stressed,environmental_stress,0.5903909390309867,0.4177,0.3571,0.2995,712.48,0.10971177216015562,0.14287328984494835,0.07233678024651798,0.17611515259400398,12.236571254739141,76.88232178630706
AGR_0396,2024-01-10,1,Winter,18.941781613627597,16.646507649055387,95.0,0.0,0.3447956384836934,healthy,none,0.0,0.405,0.3603,0.269,712.44,0.09713474842940917,0.13194144649527786,0.16578319941936875,0.39147125241044217,12.62669786676847,76.95717022133324
AGR_0397,2024-11-01,11,Post-Monsoon,28.72273318604523,18.56854858943176,74.50528297959589,0.0,0.0,healthy,none,0.0,0.5964,0.36,0.3741,723.45,0.06348609146198686,0.06036072999577185,0.07386718091878718,0.29217434989779945,12.647822076531916,76.56307654814391
AGR_0398,2024-10-14,10,Post-Monsoon,29.56536431415634,18.129122612551164,80.34262207326147,0.0,0.48095538140707833,stressed,environmental_stress,0.32836690343231645,0.5063,0.3685,0.2843,711.35,0.0867671488387192,0.0902226597981353,0.15081668668851672,0.46014821786289795,12.472440843014695,76.64175359513547
AGR_0399,2024-02-25,2,Winter,20.602978427973714,16.470544552472223,76.32348749824824,0.11219494985408802,0.07552331258308174,healthy,none,0.0,0.4424,0.2352,0.2571,713.1,0.08678355158270969,0.07030858418576923,0.1295073075816362,0.33500957757487815,12.643875762335844,76.52029285606734
AGR_0400,2024-05-10,5,Summer,34.31611537927645,27.49071506569919,48.57921690624322,0.0,0.0,healthy,none,0.0,0.3566,0.2956,0.2391,719.34,0.07288635536778905,0.09737668767125021,0.13548407082303424,0.2856662892112656,12.503847951748803,76.701335604127
AGR_0401,2024-09-27,9,Monsoon,29.496640582539076,21.395173940678397,78.31126663824298,4.260618006565019,0.5452067838259671,stressed,environmental_stress,0.5826556363468915,0.4775,0.3018,0.321,708.51,0.05450961785385261,0.14036227805156232,0.15205541642497286,0.42997488568018644,12.39813863124585,76.8469316711642
AGR_0402,2024-01-17,1,Winter,19.758334999104235,15.283863134008074,40.616839496569085,0.0,0.0,healthy,none,0.0,0.4351,0.3166,0.2653,714.65,0.054867054987419034,0.12505540207000287,0.16515334530757914,0.41956375615313657,12.426923281903456,76.77030549716237
AGR_0403,2024-11-17,11,Post-Monsoon,32.08613170920519,11.0873641921681,59.584861651211455,0.0,0.0,healthy,none,0.0,0.5587,0.3795,0.3514,713.71,0.08519766469838595,0.09162410076311026,0.16039831974574764,0.5665371878261882,12.2393488375977,76.7636554478212
AGR_0404,2024-05-20,5,Summer,31.740975988705806,22.528451355663076,46.25269490615953,0.0,0.0,healthy,none,0.0,0.4861,0.2876,0.21,716.22,0.11722514747961058,0.09161173104809908,0.07942207311077765,0.22967336612167086,12.230803992646234,76.58124920773722
AGR_0405,2024-05-02,5,Summer,36.164027449855254,24.791106673475802,42.99970381121162,0.0,0.04710951073310246,healthy,none,0.0,0.2296,0.2818,0.3409,707.16,0.07892216011973731,0.06158653869796142,0.1142343424477929,0.18232417896392283,12.458067402337248,76.65241908462814
AGR_0406,2024-02-21,2,Winter,19.393590825152586,16.246425454518747,51.64434412609883,0.0,0.06276112125924505,healthy,none,0.0,0.3746,0.2494,0.1766,715.03,0.07398039375213557,0.1010568891755045,0.19973623188748646,0.43901091198039477,12.343112153619996,76.73005131327885
AGR_0407,2024-07-04,7,Monsoon,31.684090628824407,19.682697633061977,86.7406362907437,1.6397532718119825,0.9334894441752294,diseased,early_blight,0.6536809705305401,0.419,0.2915,0.3091,702.25,0.11535004791530681,0.14351902953650836,0.09927425393474007,0.2424615599542103,12.25813684014644,76.76820519154002
AGR_0408,2024-02-10,2,Winter,30.877631080335412,13.626708643706083,51.31132210621658,0.0,0.0,healthy,none,0.0,0.461,0.3356,0.3083,718.45,0.0867817832160957,0.13021614172117268,0.10688508745487499,0.2897200608006909,12.36808012887226,76.65423460629134
AGR_0409,2024-01-31,1,Winter,28.07222032529829,7.506458641298158,69.69494456802242,0.0,0.18480326176839612,healthy,none,0.0,0.4967,0.2765,0.25,716.74,0.022009722402630362,0.17014042726312428,0.113944972804113,0.338846494726636,12.410448264379612,76.98070878892328
AGR_0410,2024-03-07,3,Summer,36.71645386051645,24.388142722257253,56.981067520214395,0.0,0.0,healthy,none,0.0,0.3988,0.3448,0.2429,704.77,0.067149972332785,0.14051187336661722,0.10486156220063504,0.2439792967502467,12.641866694415693,76.78073897186835
AGR_0411,2024-07-18,7,Monsoon,30.49330732343698,22.361979810611345,88.22619650429738,1.3669967101731515,0.9102917390523239,diseased,early_blight,0.8914460627171108,0.3344,0.2966,0.2277,697.82,0.12462997822055497,0.08037364933868046,0.18085607179615065,0.36258164393747516,12.242324376792315,76.55963583601986
AGR_0412,2024-10-29,10,Post-Monsoon,29.563622846677934,14.502645200560664,56.733656417611655,0.0,0.0,healthy,none,0.0,0.5615,0.3821,0.352,715.71,0.07129896535236185,0.16320965318404473,0.08698381256713135,0.3097496541016547,12.670908250025077,76.80187214428163
AGR_0413,2024-03-27,3,Summer,34.01152882532944,21.630590693943198,74.03870401967511,0.0,0.2208419091154705,healthy,none,0.0,0.3647,0.2294,0.2273,733.82,0.0979041047003725,0.13808892310323784,0.1818074744656608,0.3905440900413778,12.53189581197072,76.55669354777629
AGR_0414,2024-10-15,10,Post-Monsoon,27.591590959952583,13.351256807564521,80.00766301637648,0.0,0.45242641877853296,stressed,environmental_stress,0.5199459069319756,0.5019,0.34,0.2691,702.24,0.12610327717508282,0.11369376894020561,0.11949073411697131,0.3602953896211187,12.56005082726957,76.83799624487817
AGR_0415,2024-10-09,10,Post-Monsoon,34.1589248064885,23.974111255250712,70.89370265822325,0.0,0.01654893931225603,healthy,none,0.0,0.6296,0.3857,0.3546,722.31,0.05553722371181154,0.12920852250337578,0.10052004394551749,0.4422447721749873,12.652017493227278,76.66009058371422
AGR_0416,2024-08-18,8,Monsoon,29.403851266395556,17.659438587206452,76.0873491341353,0.9851930272406105,0.336906916626221,healthy,none,0.0,0.5809,0.4295,0.3412,709.69,0.1028013569299032,0.09488729599154881,0.14765118291581483,0.5569595682930366,12.630516699986119,76.78293153677981
AGR_0417,2024-06-17,6,Monsoon,29.339609520822133,18.290286394908847,95.0,0.0,0.5997483730435945,stressed,environmental_stress,0.42183299415076736,0.5059,0.3655,0.2955,709.28,0.06844912936801335,0.14835219803607275,0.15546998439750528,0.4738357609880656,12.687174728262015,76.52313095867
AGR_0418,2024-07-01,7,Monsoon,25.82858876694499,18.975409707478057,86.20984857733474,1.9252943905249467,1.0,diseased,early_blight,0.6288917393089911,0.4546,0.3263,0.3038,703.83,0.0744223272505366,0.1815942055122362,0.13580925915364944,0.3622078261182591,12.510732211328392,76.88893885276843
AGR_0419,2024-03-21,3,Summer,35.437362305363635,25.40000436444381,46.790628225856096,1.2964417608011831,0.0,healthy,none,0.0,0.4532,0.2501,0.2572,717.66,0.08661758642847017,0.12117168908076634,0.17984683938257087,0.47796895938323336,12.345794064080579,76.63344964404939
AGR_0420,2024-05-10,5,Summer,36.18661941183367,18.33929290232284,89.61547751150042,0.0,0.4380259426075923,stressed,environmental_stress,0.38168569821244025,0.3614,0.2216,0.234,715.03,0.06711261878900941,0.13285316087609833,0.15834394395968787,0.3375656832238006,12.263421963446298,76.73096260210286
AGR_0421,2024-12-30,12,Winter,27.904869999437146,11.78382581447088,84.53511117280642,0.0,0.36634314996850803,healthy,none,0.0,0.5105,0.3498,0.2783,723.72,0.08267916761160471,0.11714665056897701,0.13667849523784953,0.42176275190351725,12.318535195587089,76.72363648407855
AGR_0422,2024-04-21,4,Summer,31.82682267259449,23.29853366155083,57.48985397756728,0.0,0.015715187079094847,healthy,none,0.0,0.4317,0.2731,0.2316,714.49,0.07342317383246921,0.17487182436978152,0.12995663517109815,0.3273955913680472,12.67979710251387,76.69258131388627
AGR_0423,2024-12-01,12,Winter,26.43822075278945,15.52823786679414,80.49163628837636,0.0,0.5567539994191705,stressed,environmental_stress,0.3487546934271346,0.4457,0.2604,0.2587,707.82,0.03820859525660375,0.15950566978859695,0.14094333074618953,0.3676019723250338,12.644659379964159,76.75969884264174
AGR_0424,2024-06-18,6,Monsoon,25.461360144136794,21.76646515061796,88.69809971563363,2.484096686779653,0.6767423945384519,stressed,environmental_stress,0.5139965188503817,0.5355,0.3824,0.2931,702.97,0.0860392180034353,0.1035777743169938,0.2247441287665201,0.7429378034897558,12.324471762398435,76.66221911431754
AGR_0425,2024-09-06,9,Monsoon,28.104422621499495,21.503915325622934,78.48582523093305,0.0,0.3603168966130488,healthy,none,0.0,0.6706,0.41,0.3782,722.13,0.052366687462126055,0.08985308422119226,0.10847637931731016,0.550153731898902,12.399799255810434,76.92621520878455
AGR_0426,2024-09-09,9,Monsoon,25.198069248789654,23.198069248789654,90.2539243506454,0.7943583202788014,0.9156759522365878,diseased,fungal_infection,0.9423291628495615,0.3768,0.2986,0.2873,695.6,0.11938314424118296,0.10402022929948329,0.11000487703137826,0.2430274626071913,12.695356279311552,76.62380854358736
AGR_0427,2024-01-18,1,Winter,20.412332455820376,14.52438692275063,51.22971407541553,0.0,0.0,healthy,none,0.0,0.4491,0.2451,0.3011,711.04,0.04454842869277092,0.10909160112295146,0.218444291667082,0.5746008768465577,12.628364973252948,76.97204739296518
AGR_0428,2024-11-12,11,Post-Monsoon,23.902833561820604,14.42276173993055,50.22683226040963,0.0,0.0,healthy,none,0.0,0.5439,0.3546,0.2801,720.69,0.030738722003074967,0.09595213296738792,0.18145960639873565,0.6142413644354484,12.26587189981598,76.84011887692189
AGR_0429,2024-07-23,7,Monsoon,25.29748471989089,22.246106395052927,88.09813840347624,0.0,1.0,diseased,leaf_spot,0.7183011338481318,0.4426,0.2911,0.3002,700.39,0.0704689239713295,0.11103539732912387,0.13567022488369967,0.351126419837146,12.227666193581673,76.59906537091179
AGR_0430,2024-07-02,7,Monsoon,24.045025587392033,22.045025587392033,74.88984738223566,9.138216913305165,0.16294409579329908,healthy,none,0.0,0.596,0.4336,0.4362,720.53,0.11159659437447239,0.08363830044820314,0.23638957042644,0.8,12.643908820167908,76.55233031695394
AGR_0431,2024-07-25,7,Monsoon,22.415546648333535,16.789565968608112,77.58359926459732,0.0,0.40122235484151697,stressed,environmental_stress,0.5404927769494101,0.4598,0.3405,0.2292,708.21,0.09580030817956359,0.06899940696569365,0.14732110561109912,0.3981106071289939,12.642463373422483,76.78851020084528
AGR_0432,2024-11-02,11,Post-Monsoon,32.100249231595086,20.284257877212593,55.88746037889939,0.0,0.0,healthy,none,0.0,0.5871,0.3528,0.3726,721.99,0.11660666390616674,0.09928970870168402,0.20467898584809655,0.7867425973347395,12.423384917234126,76.73641281244815
AGR_0433,2024-12-14,12,Winter,26.66227632101178,20.301073483187587,49.03632932100164,0.0,0.0,healthy,none,0.0,0.4686,0.3194,0.2912,709.14,0.10013213082065256,0.10290903111222806,0.13568688266234932,0.37499013149779115,12.454878533450435,76.79263043775492
AGR_0434,2024-07-25,7,Monsoon,21.31363520192125,19.19523460495133,91.07155455806937,2.4015533025619007,0.7266699789502072,diseased,early_blight,0.8499775081631328,0.3958,0.2862,0.2668,695.09,0.12070018218669579,0.13074619901611123,0.1388516430312141,0.3207698168536389,12.219295780969066,76.93944057295643
AGR_0435,2024-08-08,8,Monsoon,28.792811719185412,21.2881541489169,86.23112889185141,0.44081263961205047,0.7935789846159927,diseased,early_blight,0.7082087120687386,0.3887,0.3111,0.3033,699.25,0.11174188318065195,0.11470462700755589,0.07184912075547964,0.16322079828747682,12.361535534202876,76.91948554833704
AGR_0436,2024-03-01,3,Summer,37.02223141286003,23.308707114403166,47.1362524103941,0.0,0.0678728069279419,healthy,none,0.0,0.3583,0.2591,0.2012,714.22,0.0976183033806649,0.11710960105517122,0.16226793494637742,0.34347597948833486,12.543641502206563,76.54787709933169
AGR_0437,2024-06-02,6,Monsoon,26.347849635644273,19.583116874861467,78.03909330075535,8.604036727599937,0.32725544135192736,healthy,none,0.0,0.5597,0.4092,0.3375,715.98,0.10220794767714904,0.04594425959624979,0.17219003017740978,0.6099586419888848,12.350244379316319,76.90163170031356
AGR_0438,2024-05-17,5,Summer,31.484394274127474,24.000782984072103,53.22341391790553,0.0,0.0,healthy,none,0.0,0.4764,0.2605,0.2606,720.26,0.08302463576413038,0.1019794181556732,0.19969490251711416,0.5630816540799605,12.637207277098238,76.92550188339862
AGR_0439,2024-03-22,3,Summer,32.940594937115584,24.427201776534638,56.01353872686458,0.0,0.0,healthy,none,0.0,0.3619,0.2778,0.2181,714.51,0.09663776387311748,0.17494665201825083,0.14014152832326038,0.29910476010570175,12.419520744410573,76.55639845943328
AGR_0440,2024-02-26,2,Winter,25.095278369744353,15.227020621840158,58.515572313390045,0.0,0.1272714733971265,healthy,none,0.0,0.4379,0.2558,0.3491,721.73,0.07973334305927077,0.10971880339160209,0.12601345382564003,0.322353220522839,12.485332289490394,76.71779457900635
AGR_0441,2024-10-16,10,Post-Monsoon,24.10790352608727,16.9634163801819,67.59173933537369,0.0,0.04400839248976762,healthy,none,0.0,0.4555,0.3781,0.3938,723.8,0.06766693756053056,0.13483805328494952,0.1620226189135962,0.43310178480943856,12.423971820103851,76.7652365935989
AGR_0442,2024-04-04,4,Summer,33.29237617302479,23.66014733890509,55.26008411456205,0.0,0.0,healthy,none,0.0,0.3404,0.275,0.2596,716.33,0.1099944641251233,0.10354736143629184,0.13764550310413629,0.2797150278362406,12.603672810600184,76.88149646814485
AGR_0443,2024-12-10,12,Winter,23.58117807121473,11.199309861220218,71.5800194383739,0.0,0.08425138964550044,healthy,none,0.0,0.4814,0.245,0.2653,709.67,0.06670697804995875,0.092915732191116,0.18237058792967942,0.5209483011165197,12.285854994486844,76.76491694448103
AGR_0444,2024-09-30,9,Monsoon,25.751837800165394,19.381375172995984,90.69312485378661,3.67175181916278,0.9500857176425941,diseased,fungal_infection,0.8268514830129492,0.3991,0.3437,0.2727,700.07,0.09879194743743731,0.07386138218782497,0.11690692793403604,0.2721991726951403,12.637685631663615,76.70774669834796
AGR_0445,2024-03-01,3,Summer,41.59265929828276,18.14683889178246,87.13818725755948,0.0,0.5766903078962852,stressed,environmental_stress,0.3756758501565511,0.3664,0.2703,0.2224,708.45,0.09019378462449312,0.09556805437661028,0.21003372121121514,0.45295150988479227,12.40114733903816,76.89164504621944
AGR_0446,2024-06-29,6,Monsoon,23.788373920277152,13.494282407136767,86.9439362274832,0.09847666807541607,0.41232202409921076,stressed,environmental_stress,0.541711437744361,0.5414,0.3739,0.2969,704.61,0.09337353250702635,0.12780181914338465,0.13391981534645117,0.4501177570323153,12.200906016934626,76.61190904302822
AGR_0447,2024-11-07,11,Post-Monsoon,32.16367963124621,18.037514973076274,68.91208280996447,0.0,0.0,healthy,none,0.0,0.482,0.3495,0.339,714.24,0.05563782784099237,0.1343174760803084,0.20970988177764144,0.5999807814564954,12.544499992494284,76.78350616271008
AGR_0448,2024-02-04,2,Winter,29.227535180807763,13.537715362470193,74.48239729046165,0.0,0.0,healthy,none,0.0,0.454,0.3108,0.277,720.09,0.0637178501781838,0.11175287187281414,0.1623725333206536,0.4323986510040848,12.602152356477758,76.58155733755834
AGR_0449,2024-12-30,12,Winter,25.49046166750059,14.147129668339986,76.30106556318778,0.0,0.11139597530216229,healthy,none,0.0,0.4271,0.3244,0.3654,716.48,0.05186045075792023,0.13206804231603894,0.20283983158162838,0.5052761802236724,12.248458663533496,76.77401074861457
AGR_0450,2024-02-28,2,Winter,28.555058913857234,11.189073819349334,59.81940131717974,0.0,0.17026446693721997,healthy,none,0.0,0.5135,0.2683,0.2611,715.29,0.09204890825818818,0.13734827394730656,0.11397521627088114,0.3545765464048892,12.323602559465316,76.99804436363226
AGR_0451,2024-10-30,10,Post-Monsoon,31.97457652195325,21.805749706942407,72.3711913453329,0.20267678769223474,0.0,healthy,none,0.0,0.6135,0.4172,0.3598,713.81,0.07387972091285183,0.12436281652217278,0.12185158402674266,0.5086870137830513,12.460327676867054,76.87110050456057
AGR_0452,2024-07-29,7,Monsoon,24.453345309874933,20.802129229888568,91.73798587807826,0.0,0.6604975845529677,stressed,environmental_stress,0.33827044540928525,0.5401,0.3835,0.3263,713.64,0.10869210798592116,0.11046397659884999,0.1518575891176784,0.5085363622529605,12.618192117815612,76.91509628153479
AGR_0453,2024-06-16,6,Monsoon,25.285555648564863,18.048101338280706,90.29731846221895,3.2640181692081196,0.6385400592029891,stressed,environmental_stress,0.33740923413708096,0.5343,0.3994,0.3444,712.37,0.1051971238180625,0.11460129894590157,0.17609306143312925,0.5801580076376427,12.239331029157128,76.58593685126962
AGR_0454,2024-03-03,3,Summer,30.592902548240904,21.95506667911111,50.30241841187762,0.0,0.06541280021710923,healthy,none,0.0,0.389,0.303,0.2634,724.63,0.07394229512402015,0.16038299383542773,0.1422678309420812,0.323420650046728,12.670482893921395,76.74318605041258
AGR_0455,2024-12-06,12,Winter,29.41475524770968,16.747130837858254,72.74397374419998,0.0,0.0,healthy,none,0.0,0.3777,0.3676,0.2467,718.41,0.10312013338902254,0.10174518288806395,0.10968528347111478,0.2428304917855613,12.34096477587578,76.76542951714424
AGR_0456,2024-02-28,2,Winter,26.123456732773857,13.773174332276184,59.52226075559398,0.0,0.0,healthy,none,0.0,0.5234,0.3064,0.3227,716.32,0.06239976036618472,0.12807542760765478,0.14136851494687122,0.4518690635125129,12.39844469654452,76.87177213481864
AGR_0457,2024-04-08,4,Summer,30.288954168034568,16.452876412397615,60.80666543042637,0.0,0.0,healthy,none,0.0,0.3944,0.2312,0.1897,714.17,0.08276911350388678,0.12704560796902534,0.19964789117640339,0.4596912474510847,12.535413340387967,76.85154695187971
AGR_0458,2024-03-17,3,Summer,31.761100656930864,22.563401014127567,53.19238895019505,0.0,0.020335945999876773,healthy,none,0.0,0.4403,0.2902,0.2649,725.84,0.10252695064869956,0.11527735998679767,0.1499492858605001,0.3858709244682479,12.66576752457763,76.79166645499426
AGR_0459,2024-01-14,1,Winter,26.80281514213518,10.683839696829391,61.6210603626297,0.2764206896617385,0.0,healthy,none,0.0,0.4533,0.3143,0.2639,714.34,0.039009709676233496,0.13120601050235306,0.208217379356613,0.5535070741155399,12.580352403021946,76.57493139944327
AGR_0460,2024-07-15,7,Monsoon,34.760471589297524,19.072757249726177,83.66323803554494,0.0,0.48423148311973313,stressed,environmental_stress,0.38050193738239724,0.5234,0.3311,0.288,708.99,0.10445897109581692,0.09322396204833065,0.1286359759476814,0.4111708891286148,12.573657912786443,76.52652294059851
AGR_0461,2024-12-13,12,Winter,25.633372680347794,11.27346279081452,60.12674567012392,0.0,0.11062315588599687,healthy,none,0.0,0.4537,0.311,0.2517,713.87,0.08675532198109202,0.10364738310013229,0.22267022518300417,0.5925237165449994,12.67249239277792,76.57080567530895
AGR_0462,2024-07-03,7,Monsoon,29.344108588145513,19.211437899866095,90.23602359024592,0.0,0.8201809774818801,diseased,leaf_spot,0.8130742722855263,0.4561,0.3242,0.2904,700.09,0.08839767452123412,0.12302272910939953,0.16043302402537557,0.42950271425510084,12.538553183098138,76.76128641013091
AGR_0463,2024-10-29,10,Post-Monsoon,31.442237482668876,17.316920352453778,30.0,0.0,0.0,healthy,none,0.0,0.5039,0.3734,0.3272,712.77,0.055322733790827264,0.0874646263084195,0.1411659136478052,0.4279367416547758,12.211136227533611,76.93456080714051
AGR_0464,2024-11-02,11,Post-Monsoon,26.664665102596672,15.100862718623793,76.61870746597612,0.0,0.21791140113684676,healthy,none,0.0,0.5683,0.3383,0.3644,723.25,0.057403002855628806,0.09528489391076538,0.19764362732584767,0.7180090357542898,12.426161738817147,76.71219450903625
AGR_0465,2024-02-06,2,Winter,24.559439436234097,18.64937933369735,30.0,0.5871902521073249,0.06846612305437452,healthy,none,0.0,0.4972,0.3252,0.2751,717.82,0.07314578757040205,0.12629917864573892,0.2083861931834204,0.6205167232184108,12.361947776290188,76.56812528254599
AGR_0466,2024-11-19,11,Post-Monsoon,33.11732930254936,19.59027935726288,39.42946059269282,0.0,0.09817246742096356,healthy,none,0.0,0.5642,0.3822,0.3199,719.48,0.08040375523752451,0.12473671797343458,0.09575974753150004,0.3437067395336677,12.328495867655473,76.83207638252725
AGR_0467,2024-02-21,2,Winter,22.24611588379411,15.871702756765973,76.09317810793908,0.0,0.49354062063884685,stressed,environmental_stress,0.5757114831086013,0.3362,0.2573,0.2625,703.96,0.04986774341713213,0.07463106024948013,0.11814502099641963,0.23782069456977392,12.334289802166483,76.93053146823986
AGR_0468,2024-05-28,5,Summer,31.475379420391704,18.417873575619332,45.83463470371606,0.0,0.0988028917939601,healthy,none,0.0,0.3703,0.2433,0.2216,719.13,0.09339717516057931,0.13863923872230757,0.07367189686675742,0.1603185648348701,12.272516366874944,76.8684025533605
AGR_0469,2024-12-09,12,Winter,26.140587680534313,15.720343493165586,71.10360088784948,0.0,0.0,healthy,none,0.0,0.4644,0.3674,0.2768,725.87,0.06741575700941116,0.11903857517508859,0.1513409880955435,0.4137859278698915,12.425773511408712,76.70401004564253
AGR_0470,2024-04-14,4,Summer,30.13717108474272,21.873615171474047,43.08302542189953,0.0,0.0,healthy,none,0.0,0.4385,0.2743,0.2456,717.35,0.08143532035034685,0.1685741721375131,0.11924908832661037,0.3055027846087783,12.622260765656828,76.79117872753199
AGR_0471,2024-09-15,9,Monsoon,28.835070394837548,16.95170618590797,90.71389186155143,0.0,0.997643137719807,diseased,fungal_infection,0.8696878529789587,0.3889,0.2746,0.2631,699.56,0.09106003343807303,0.1874831275258887,0.11369545867067674,0.2584055351786989,12.502129757993462,76.91357907421381
AGR_0472,2024-11-28,11,Post-Monsoon,33.836063122816974,11.264310625793815,61.988890164362466,0.0,0.29817934937550244,healthy,none,0.0,0.5498,0.3924,0.3941,712.31,0.059846363489691044,0.11996486471426358,0.11145687864458115,0.3836869625130427,12.648497039092836,76.69740038423147
AGR_0473,2024-09-22,9,Monsoon,21.65103098676595,19.65103098676595,93.01224339499521,0.0,0.5997631083867193,stressed,environmental_stress,0.46625091648329997,0.4925,0.3926,0.336,706.63,0.06558532025649139,0.1197818221500088,0.10494107501013769,0.3086198117293211,12.307088126369793,76.5300365841775
AGR_0474,2024-01-31,1,Winter,26.326950604493454,12.747811178983204,47.72003678631285,1.6510782053369464,0.010908297034983187,healthy,none,0.0,0.463,0.268,0.3026,708.76,0.06843773082568713,0.11225974391407173,0.1245510514939228,0.3393262352618419,12.414009676219822,76.82914189171308
AGR_0475,2024-05-09,5,Summer,32.73975810579523,22.035810340544163,60.386648972281066,0.0,0.009205513731199199,healthy,none,0.0,0.4182,0.3455,0.1963,712.01,0.06490267606856158,0.12096429440893683,0.08096915500749706,0.19737101346103875,12.572024725614288,76.75160960359148
AGR_0476,2024-08-09,8,Monsoon,29.761205454289055,17.56683238641769,95.0,0.0,0.9051108034876904,diseased,leaf_spot,0.9386244679845142,0.4338,0.3055,0.2983,700.74,0.1012065613806417,0.1481735045881054,0.21032254584608287,0.532604143825704,12.30687013103056,76.82865941257813
AGR_0477,2024-01-13,1,Winter,28.368676369911775,16.10194250395343,58.759586380236975,0.0,0.0,healthy,none,0.0,0.392,0.2975,0.2256,713.63,0.07001675808229128,0.09162522407777193,0.11910302690338094,0.272683245805109,12.56703676550294,76.51538758912957
AGR_0478,2024-11-03,11,Post-Monsoon,29.643608210603595,22.819202257953393,67.69529527749762,0.0,0.037303289152628816,healthy,none,0.0,0.5722,0.3511,0.3068,722.91,0.0696653251709809,0.08134427591206633,0.12855927700944086,0.4724658609496095,12.568325937612393,76.55678227048877
AGR_0479,2024-06-06,6,Monsoon,32.67821704665736,21.89361513302374,85.440023488267,8.150990765036608,0.46327960657882516,stressed,environmental_stress,0.41956776724323824,0.5258,0.3514,0.303,710.4,0.046974371527525344,0.13777601158761732,0.14531041642255899,0.467555110454535,12.263185070973503,76.9868460674251
AGR_0480,2024-03-13,3,Summer,38.69678709777001,19.7394494747801,81.45467747002236,0.0,0.34769487219526046,healthy,none,0.0,0.3829,0.2333,0.2227,717.45,0.077696584144573,0.11580048891371594,0.13712220227312724,0.3072861667857846,12.682311427808509,76.75461126916353
AGR_0481,2024-09-06,9,Monsoon,25.64497012089211,19.0074449338206,95.0,0.0,0.9021092747850589,diseased,fungal_infection,0.6506181244785508,0.4343,0.3493,0.2936,703.03,0.04608075983245482,0.11139023442627002,0.19601948200133407,0.496996187085935,12.583930461562927,76.52025458647066
AGR_0482,2024-07-26,7,Monsoon,26.711095064417474,17.39778146721731,81.56815426102064,0.0,0.7964769894302446,diseased,leaf_spot,0.8344729416353366,0.4637,0.292,0.2822,700.44,0.10019910993414162,0.08005145651365692,0.10924253318429408,0.2981508406150499,12.331056486008398,76.67152200289651
AGR_0483,2024-11-27,11,Post-Monsoon,25.184545709460025,20.00842901252921,81.87151836856515,0.0,0.5927421857642301,stressed,environmental_stress,0.5350010075773861,0.4359,0.2942,0.2602,706.33,0.08047152488861023,0.12155789631913594,0.09562704773270242,0.24341584442366138,12.69612095743056,76.82630670087367
AGR_0484,2024-09-22,9,Monsoon,27.824709643007534,21.65280663466105,76.47174262697855,0.3333208560901886,0.39484577913923485,healthy,none,0.0,0.6872,0.4393,0.408,717.74,0.08641995127372046,0.15006708500108776,0.21241022118123723,0.8,12.524540301009441,76.67511830716354
AGR_0485,2024-11-28,11,Post-Monsoon,24.14519126135134,17.201029702971457,62.25686748233585,0.0,0.0,healthy,none,0.0,0.5525,0.383,0.3075,718.09,0.09696406342994432,0.11671750484246968,0.12299449981759208,0.42670158875265185,12.399663073195754,76.59235695478495
AGR_0486,2024-04-04,4,Summer,33.13903014628165,24.412314909887563,66.10212524315466,2.8513500557375187,0.35472596897171915,healthy,none,0.0,0.2937,0.279,0.2179,712.84,0.07940461010847659,0.11686149202917118,0.19311251269384128,0.35371606636276726,12.543687208848898,76.55579115656663
AGR_0487,2024-10-08,10,Post-Monsoon,30.273775340409006,13.999017831965281,60.27465577572481,1.6348320316278124,0.14926598165071472,healthy,none,0.0,0.5753,0.3841,0.3641,726.64,0.08037068139636744,0.10778432987333926,0.18954153643895727,0.7030486987339049,12.254144678241458,76.7104386248716
AGR_0488,2024-04-12,4,Summer,37.003669316343434,19.05302718316967,89.0803394354271,2.2399350742529625,0.622393634423789,stressed,environmental_stress,0.4167799190427145,0.3334,0.203,0.2464,708.37,0.0760111256822389,0.13306763750075518,0.16411334572610478,0.32827593037982006,12.66540383617238,76.62287515609295
AGR_0489,2024-03-24,3,Summer,36.824486635009556,19.887757922483182,41.8906581891501,0.0,0.07616215975987632,healthy,none,0.0,0.4309,0.2267,0.2484,723.32,0.06726314179620273,0.13540719984005486,0.10426881576821842,0.26216525827226106,12.527283095611798,76.97704695745115
AGR_0490,2024-03-29,3,Summer,38.93616581161792,27.18786902717193,72.28573762030996,0.12380232990955455,0.3608713883048895,healthy,none,0.0,0.3167,0.2896,0.2307,713.67,0.041426371302743153,0.1383536114700799,0.18501160213666115,0.3565121857651716,12.366409180545835,76.87743626445427
AGR_0491,2024-08-04,8,Monsoon,32.02606825297974,19.50818747143299,95.0,0.0,0.7459217839471992,diseased,leaf_spot,0.8752933109342598,0.418,0.271,0.3103,702.88,0.10191763506947485,0.1816001643023303,0.18860709134023562,0.4595272431622922,12.248294341247265,76.97588275807117
AGR_0492,2024-04-18,4,Summer,42.077349293602495,22.598521979316665,94.95920753426972,0.0,0.5017726746521848,stressed,environmental_stress,0.3903477059356336,0.3463,0.2977,0.1677,711.67,0.06600069327918934,0.1132859084684711,0.0996792035493465,0.20529005926034147,12.635772840354063,76.74249614228874
AGR_0493,2024-03-24,3,Summer,38.51655329615816,26.17427006060873,65.51755347847487,0.0,0.10426319638306135,healthy,none,0.0,0.3535,0.2582,0.2379,705.53,0.08918595130821878,0.17128027595237252,0.17605078271909413,0.3685765420112821,12.517045972539918,76.99232218468669
AGR_0494,2024-09-20,9,Monsoon,22.488734088556413,16.56563502838585,95.0,0.0,0.5095627951397068,stressed,environmental_stress,0.4552297679438889,0.5159,0.3579,0.3155,709.9,0.09041292849458135,0.11497023052112687,0.10943304224690917,0.34267620066533694,12.490523245641956,76.97211478968212
AGR_0495,2024-07-10,7,Monsoon,31.143281092724138,21.747944666956176,92.13446043404147,8.705747359169854,1.0,diseased,early_blight,0.9430641588169026,0.3652,0.2725,0.2191,694.65,0.06500891098190527,0.13537398652081709,0.18153699580991337,0.3904132115307084,12.461629256469328,76.52255793930073
AGR_0496,2024-12-18,12,Winter,23.18806034017833,11.69554872906913,34.479774909579916,0.0,0.0,healthy,none,0.0,0.401,0.2912,0.2764,717.33,0.09096133849414341,0.07981531900414024,0.12030454518277062,0.2813800798014385,12.44393830299903,76.85108216432415
AGR_0497,2024-04-20,4,Summer,34.536011710713865,21.605308463459814,49.660625211928966,0.0,0.008492916224267365,healthy,none,0.0,0.4623,0.2735,0.2981,714.99,0.05805860322410698,0.1113002055916535,0.03741141202032747,0.10174206397121972,12.332804728833207,76.85217647823606
AGR_0498,2024-09-24,9,Monsoon,26.243262614660406,24.243262614660406,82.73478492096099,0.0,0.49749600863238264,stressed,environmental_stress,0.5957974716511978,0.4834,0.364,0.3342,706.59,0.08900311267893296,0.1168692465168574,0.22101963396960195,0.634650648529825,12.554902356636186,76.97529600653797
AGR_0499,2024-01-17,1,Winter,22.75868025790893,20.75868025790893,70.33331278003966,0.0,0.05305700249625242,healthy,none,0.0,0.3679,0.2997,0.323,714.79,0.10368506103827321,0.12165289477970562,0.17850015358063842,0.38628438551329747,12.497973975396306,76.51568078440229
AGR_0500,2024-01-21,1,Winter,23.22581581048586,19.665595602442025,48.28201527487907,0.0,0.0,healthy,none,0.0,0.545,0.3651,0.2207,717.57,0.05430407680136395,0.1195428586049974,0.21557215533476384,0.7319977582246378,12.400896835166682,76.95449044595743
AGR_0501,2024-10-01,10,Post-Monsoon,33.23615715240904,14.631771683155595,55.022975155231535,0.0,0.0275812468097975,healthy,none,0.0,0.4542,0.3442,0.3099,715.45,0.04705174678987949,0.16113478660614575,0.21592011160226798,0.5752858671528362,12.473024965941383,76.79515658616253
AGR_0502,2024-05-15,5,Summer,33.171872722673484,20.728603129172406,73.08557039848883,0.0,0.0,healthy,none,0.0,0.3886,0.3077,0.2837,718.56,0.050967183125409904,0.11718244084047252,0.15587865104851809,0.35402861440296407,12.27652129858191,76.7527929155922
AGR_0503,2024-03-14,3,Summer,40.11168515961194,21.75073201677045,74.73322888855759,0.0,0.27544756997707,healthy,none,0.0,0.3923,0.2697,0.2035,722.71,0.09305683068642315,0.14500912190411075,0.1567698161927586,0.3591749466598285,12.670995723441935,76.5321596115968
AGR_0504,2024-12-20,12,Winter,28.760650499492105,20.118991858615953,57.347241709522365,0.0,0.0,healthy,none,0.0,0.4719,0.3397,0.172,721.17,0.09723449280100933,0.1032895359552561,0.15363636357737398,0.42820936101029494,12.46041436527037,76.72418346771579
AGR_0505,2024-08-06,8,Monsoon,21.65171856573951,19.65171856573951,95.0,13.150878527922805,1.0,diseased,early_blight,0.6075523514304938,0.4412,0.3183,0.2705,700.25,0.10499515143095912,0.152693610426125,0.19290082856709084,0.49751015413545335,12.551967953663915,76.74626092701025
AGR_0506,2024-05-25,5,Summer,29.64490391644047,21.328422302147423,68.84294369289573,0.0,0.0,healthy,none,0.0,0.4729,0.2483,0.2244,719.55,0.09208265221148068,0.14162973217358896,0.11448761790266096,0.31991806565894393,12.586129582326599,76.71732865902554
AGR_0507,2024-09-22,9,Monsoon,25.420962589028214,22.29943065845326,88.94535867391069,1.7580157418929143,0.8274756323362216,diseased,fungal_infection,0.7156713015425773,0.4344,0.3209,0.2517,699.64,0.11078394400349816,0.09215340097955946,0.199737131124117,0.506546925184642,12.34514183865738,76.77059402792851
AGR_0508,2024-04-20,4,Summer,40.23511375505734,22.161492366141015,71.3942177101941,0.0,0.3011485185576209,healthy,none,0.0,0.5066,0.2522,0.3348,712.13,0.11870494806086253,0.10098120423925872,0.14724240815180986,0.44960561840599267,12.470580779550328,76.54424344784951
AGR_0509,2024-02-05,2,Winter,25.05572783548892,12.977078389949172,77.2036191327021,0.0,0.19612763669737662,healthy,none,0.0,0.5232,0.2957,0.3031,713.39,0.054330478587309335,0.1336158047086608,0.2202244954040578,0.7035359718948424,12.652095603776214,76.80108438469445
AGR_0510,2024-08-22,8,Monsoon,26.49139373898713,22.357731874073878,95.0,10.800004595332753,1.0,diseased,leaf_spot,0.7714900567005926,0.4395,0.3364,0.3206,701.08,0.10076025054631925,0.14292639610016566,0.2191185534152706,0.5627496122056771,12.393246861431956,76.6056314584691
AGR_0511,2024-12-17,12,Winter,23.591960600719865,16.001750671179902,46.91389354981074,0.0,0.13007918992485576,healthy,none,0.0,0.3913,0.3011,0.3062,710.62,0.06683253572747176,0.14826057471124596,0.16033703083153394,0.3664808789155794,12.362330633592597,76.69811776226865
AGR_0512,2024-02-20,2,Winter,24.061968491040172,12.612033269973738,61.26539517078987,1.5517301992279875,0.0314129496450666,healthy,none,0.0,0.4279,0.3127,0.2831,721.78,0.1056558993767796,0.12234022255436572,0.09768893739409357,0.24382106922745356,12.342426338305305,76.75258200914666
AGR_0513,2024-03-06,3,Summer,33.61958361272324,23.70254038386884,73.92841657751303,0.0,0.0,healthy,none,0.0,0.4231,0.2663,0.2286,713.76,0.11331206427373056,0.10873499879773287,0.17797856987582808,0.4390384863759593,12.205935673334679,76.65032782028037
AGR_0514,2024-06-15,6,Monsoon,29.89053877709534,15.516207290450343,82.79267623651059,0.0,0.32944484091003945,healthy,none,0.0,0.6307,0.3771,0.3532,716.38,0.07143363484404489,0.11968604612841811,0.10463315418888838,0.4620235162085576,12.479946550767973,76.65045953658272
AGR_0515,2024-05-17,5,Summer,39.11672174451187,21.213645524319887,63.21018643000402,0.0,0.2254205894424239,healthy,none,0.0,0.3684,0.2886,0.2236,723.85,0.09304589399579306,0.12580756019435116,0.14169290933440365,0.30698634758264404,12.204073124097118,76.6065286753665
AGR_0516,2024-02-01,2,Winter,26.69856080926317,14.628021078877293,54.055934544475015,0.0,0.09424092950341349,healthy,none,0.0,0.5056,0.2957,0.2472,719.99,0.05873291000339363,0.15064874293199843,0.10776040752292626,0.32816357112968814,12.562784123779974,76.61491302089627
AGR_0517,2024-10-30,10,Post-Monsoon,26.849835630530443,11.349535488288474,52.27650844747848,0.0,0.003577712199692792,healthy,none,0.0,0.5337,0.3383,0.3319,719.58,0.07064647936340744,0.10991423206831553,0.17401948171050452,0.5723647417958413,12.418981981981284,76.67749752051918
AGR_0518,2024-09-09,9,Monsoon,25.9323878587449,17.195608028487914,87.94548029129606,5.755313562273741,1.0,diseased,late_blight,0.6078732861525654,0.4099,0.3197,0.223,699.77,0.11837212667752416,0.10940207593685525,0.14098026306661454,0.33683794763196034,12.659096579230852,76.90759011598495
AGR_0519,2024-07-26,7,Monsoon,28.886535074771015,18.54671863413464,83.57283170548449,5.836075544803819,0.7065891963191913,diseased,early_blight,0.9011926469184467,0.3877,0.3109,0.2594,697.19,0.05965120487422664,0.130831570258081,0.13561541152593753,0.3073550654491973,12.485924164445223,76.79194491168603
AGR_0520,2024-12-23,12,Winter,26.67251146310151,14.734800249617779,66.30862156730915,0.0,0.0,healthy,none,0.0,0.4814,0.3063,0.2388,706.41,0.08410911374072606,0.09673180186192826,0.11798658375338784,0.33703302192878665,12.472265646452254,76.76615513168996
AGR_0521,2024-09-11,9,Monsoon,26.503038232062664,21.81795607271766,80.59707577814797,1.3917517995310065,0.5656297615211312,stressed,environmental_stress,0.3652342902023101,0.5524,0.3662,0.2776,707.67,0.05228836973955854,0.13201446402630349,0.1488130023067094,0.5161244521468625,12.286195234167858,76.67874155174594
AGR_0522,2024-10-16,10,Post-Monsoon,33.04781167069067,16.78986076209395,42.722207559501015,0.0,0.0,healthy,none,0.0,0.4798,0.3819,0.2731,711.1,0.03901588459352317,0.10853243257284374,0.14868038788691,0.4229474009900988,12.677223847426493,76.55783761182406
AGR_0523,2024-05-25,5,Summer,32.93054804343107,23.30797831919259,62.126970158937,0.0,0.0,healthy,none,0.0,0.4369,0.3144,0.2375,710.03,0.08993168381671217,0.15794953994977629,0.18886667069933574,0.4819437384618639,12.20534599505675,76.71960525546594
AGR_0524,2024-12-21,12,Winter,28.941346529715425,14.953585077819781,51.98036866207502,0.0526988831581217,0.0,healthy,none,0.0,0.3671,0.2694,0.3044,721.98,0.08726008569612154,0.06836767437118592,0.13566385697948447,0.293041647774772,12.377810999628782,76.8955020370327
AGR_0525,2024-03-14,3,Summer,30.100000445359797,17.525033565749794,60.60752870252246,0.0,0.0,healthy,none,0.0,0.4181,0.2709,0.2716,714.3,0.09402218249596954,0.052851349766758676,0.1438223252296491,0.3504974040353418,12.613914303533095,76.5113022196796
AGR_0526,2024-02-21,2,Winter,26.98760810019584,12.531432295444702,49.411697540138505,0.0,0.08179815444538614,healthy,none,0.0,0.4648,0.3275,0.2701,718.76,0.07500393691329361,0.0798964439674896,0.14302543518991379,0.39144928525072065,12.570801509868604,76.69322167546541
AGR_0527,2024-06-11,6,Monsoon,25.9686581623584,19.35678182493797,95.0,26.038498517938216,0.8873118353867835,diseased,fungal_infection,0.9653651752656128,0.4124,0.3002,0.2558,696.75,0.0949957482381347,0.13729907421010698,0.17396379880901092,0.4181526028554237,12.296578875560488,76.83396223679804
AGR_0528,2024-06-20,6,Monsoon,24.24447112172568,20.05818934682459,94.51434462631012,0.0,0.3701230277434942,healthy,none,0.0,0.6088,0.3454,0.3787,717.69,0.11804319288155068,0.11386199543936365,0.14180413211218737,0.5831658684613678,12.651061119122692,76.9587281109455
AGR_0529,2024-11-17,11,Post-Monsoon,32.047596847588224,16.012367699176373,42.10515842854238,0.0,0.11952601690314674,healthy,none,0.0,0.4583,0.4188,0.253,724.38,0.042670750633915955,0.17941752355229365,0.15643504854319562,0.4211357417215103,12.524766215532694,76.71212285160328
AGR_0530,2024-08-15,8,Monsoon,29.811112465367884,20.215496269252135,85.10544208709352,3.5495514410209457,0.9231281739481635,diseased,early_blight,0.7252101418806325,0.4244,0.3212,0.2417,698.67,0.06250720371703891,0.07466837898261403,0.0678850231860306,0.1679906654381202,12.623275387909931,76.71345266031815
AGR_0531,2024-01-03,1,Winter,21.457492249023595,15.161662265673066,79.07715582629064,0.0,0.06880678451159211,healthy,none,0.0,0.4215,0.3042,0.2084,720.73,0.08520749337018922,0.13596002328866175,0.15009876304560213,0.36882522328318657,12.670817426036683,76.93253126499218
AGR_0532,2024-05-31,5,Summer,29.676762952552004,22.702732126117812,58.67587122033321,0.0,0.06259704749887177,healthy,none,0.0,0.3837,0.1616,0.2079,713.24,0.09065566418645249,0.09583419952468439,0.1413954479931804,0.31745721464897564,12.557043511342508,76.86796769596872
AGR_0533,2024-04-19,4,Summer,41.16910651064521,20.59454381842505,50.483718072594314,0.0,0.0957317723703908,healthy,none,0.0,0.405,0.2184,0.2235,715.22,0.09754897044151335,0.112491530006424,0.19746765530412186,0.46628916924754826,12.563292882913226,76.75503011427207
AGR_0534,2024-11-24,11,Post-Monsoon,33.09496132372553,13.773242691928427,71.67343842514826,0.0,0.0850719394460647,healthy,none,0.0,0.593,0.3903,0.3167,720.35,0.07959520557404708,0.0906573487125465,0.12081465418659368,0.472869150170132,12.334745025066681,76.62135749339929
AGR_0535,2024-09-13,9,Monsoon,30.111168456697847,20.391974484113273,80.18414718026187,0.0,0.8259985234462218,diseased,viral_infection,0.7421621627049342,0.4989,0.3321,0.3325,706.89,0.07810978607840321,0.09568506774048663,0.12645268009153482,0.3782476994396358,12.540656592673942,76.76669744575341
AGR_0536,2024-07-28,7,Monsoon,28.495720150194774,20.025043728659572,95.0,2.494367070320089,0.8568645152945573,diseased,leaf_spot,0.9751547904379534,0.4494,0.3095,0.2769,698.12,0.08235414836921916,0.06984716180015499,0.25841326577339574,0.6802473436468576,12.662875846527651,76.82267281162531
AGR_0537,2024-03-03,3,Summer,37.079484072407645,20.850554263822467,57.044239714183504,0.0,0.0,healthy,none,0.0,0.418,0.2503,0.1654,712.26,0.06282466982254052,0.11313518082430075,0.15177198645581108,0.36978123160539533,12.329776124332493,76.8306910389225
AGR_0538,2024-07-28,7,Monsoon,30.430081715518348,18.550277832399896,85.43241330276801,0.0,0.912554858665115,diseased,early_blight,0.7457639463981613,0.4411,0.2778,0.2909,701.24,0.0794332030926708,0.07735605938530424,0.14513921287199047,0.3742353187865906,12.468311639867746,76.88556802408542
AGR_0539,2024-08-27,8,Monsoon,32.37604401237617,21.45807197114544,95.0,0.0,0.541699797054355,stressed,environmental_stress,0.33550360011536334,0.5678,0.3948,0.32,714.05,0.0930514625090909,0.1714177740128098,0.1580104748614603,0.5731809867834278,12.619250495221571,76.9747933837823
AGR_0540,2024-05-28,5,Summer,35.45588267251109,19.619620810349588,51.12373069282047,0.0,0.0,healthy,none,0.0,0.432,0.2707,0.2603,722.43,0.06901543721009203,0.09493769152824524,0.08109759700990121,0.2044573220390467,12.30493233863956,76.79954966255137
AGR_0541,2024-08-02,8,Monsoon,28.367682396483573,19.678880780996405,80.55771117919171,0.0,0.48964999082744987,stressed,environmental_stress,0.4697254692673747,0.5531,0.3685,0.3154,708.69,0.07203433932914903,0.12352765889661606,0.15605629584288075,0.5423384047294207,12.292020517410723,76.64796317449014
AGR_0542,2024-03-01,3,Summer,37.5237100573717,24.30042515618056,43.52620610426922,0.0,0.03749762464630314,healthy,none,0.0,0.3673,0.3157,0.1364,713.91,0.07592434957180189,0.1367985428195804,0.19542026104412766,0.42231408712760504,12.385044640034984,76.50916919450532
AGR_0543,2024-06-14,6,Monsoon,33.57019481256444,19.635715008659158,95.0,1.5323598717341436,0.3851660592209083,healthy,none,0.0,0.6166,0.3962,0.3769,715.68,0.08069784436022207,0.18709658847134114,0.16429067454130222,0.6927290152933469,12.317152549668588,76.78946858810268
AGR_0544,2024-12-19,12,Winter,24.340911927350653,14.040070411946926,63.97557279064791,0.0,0.0,healthy,none,0.0,0.4617,0.3195,0.2255,713.34,0.055879552571837625,0.0934208779830667,0.0359987956273127,0.09775114168389927,12.456214275688328,76.83635680575021
AGR_0545,2024-02-16,2,Winter,26.633747202380885,18.453367845113505,56.492597318784235,0.0,0.11534935443403689,healthy,none,0.0,0.3968,0.3208,0.2896,720.26,0.08799162149491198,0.1389046375940475,0.21005943262295984,0.48642409729401587,12.288786001315808,76.65186654454428
AGR_0546,2024-04-23,4,Summer,29.719691249050793,21.283742193809697,84.28373351542518,0.0,0.4942938708568844,stressed,environmental_stress,0.49027579603546123,0.3715,0.2035,0.2304,707.01,0.08333275790623677,0.1517985050928713,0.10223253394352622,0.22308976977493428,12.216708997352528,76.90791042551265
AGR_0547,2024-04-30,4,Summer,30.94942223422764,23.79925341547726,66.67595277877898,0.0,0.045448884758331295,healthy,none,0.0,0.3559,0.2223,0.2197,723.16,0.09708753930214421,0.13231209794775486,0.14316478354135553,0.30137731719255395,12.38425882891919,76.5269848807137
AGR_0548,2024-02-26,2,Winter,26.005163055736514,16.694367317722943,61.818654951193615,0.0,0.05422030069090486,healthy,none,0.0,0.4252,0.2961,0.2355,714.84,0.0860149803436159,0.1430277023084988,0.16196945847673763,0.40159859467822984,12.372393464327267,76.94682432454525
AGR_0549,2024-04-06,4,Summer,37.96977695458783,23.476532210285193,70.43472501741215,0.0,0.0909326048020673,healthy,none,0.0,0.3204,0.239,0.2327,716.44,0.0786914654289617,0.14388570900755537,0.16157532020008286,0.31392591640993145,12.642437061891728,76.84977223688277
AGR_0550,2024-11-06,11,Post-Monsoon,32.07076778736841,10.512877848652606,30.0,0.0,0.0,healthy,none,0.0,0.4437,0.3793,0.2667,719.84,0.08823131438328564,0.09175790492993925,0.1948386809445751,0.5056419264419972,12.451788448169294,76.94702730260194
AGR_0551,2024-05-26,5,Summer,38.2222988112247,21.242952885138262,55.40316663515701,0.0,0.4254536102107866,stressed,environmental_stress,0.4734865845520211,0.3501,0.2456,0.2067,710.97,0.09543858448717348,0.11173377761683727,0.14808625722600985,0.3076338757975626,12.509021839561868,76.5315473405916
AGR_0552,2024-07-26,7,Monsoon,26.322508494822376,19.079386474851272,93.24199755175654,0.0,0.8619963153710648,diseased,early_blight,0.8356474943920946,0.375,0.2982,0.2689,696.81,0.10527707679820242,0.0897013739197152,0.12085082429383909,0.265871813446446,12.455951060634812,76.65980906275404
AGR_0553,2024-10-15,10,Post-Monsoon,27.460464466669166,25.05775523687101,41.385061186506306,0.0,0.006491278709293677,healthy,none,0.0,0.5299,0.3949,0.2772,719.18,0.08371316645529032,0.0938696201065886,0.2279998232166927,0.7420058062948696,12.300383364529667,76.55378069588522
AGR_0554,2024-12-21,12,Winter,24.885327396528808,11.812863098761552,81.69998504520754,0.0,0.242582446917916,healthy,none,0.0,0.4346,0.291,0.2844,716.41,0.07336309854427471,0.14819669682778386,0.147223076523478,0.3735518669624718,12.288715826124799,76.73874402523121
AGR_0555,2024-02-21,2,Winter,28.63971951479422,24.226756594568847,53.02023911070633,0.0,0.0,healthy,none,0.0,0.345,0.2994,0.2222,719.93,0.08876537294533658,0.1363225884654954,0.047668778908235704,0.0978847444756901,12.216825166067528,76.8372162782343
AGR_0556,2024-03-19,3,Summer,34.89713214045159,15.515211600284388,83.83649262902838,0.0,0.0,healthy,none,0.0,0.3131,0.2721,0.2194,725.13,0.10822713723491251,0.14356036809030848,0.1369354487735515,0.2617701816633432,12.393949264475864,76.68797995482034
AGR_0557,2024-08-19,8,Monsoon,33.95614118578088,18.197998795120004,81.58666233224902,0.06756908402748203,0.27109281063705615,healthy,none,0.0,0.5757,0.4049,0.3374,714.69,0.08508273990081099,0.16978715387384488,0.13935186392070417,0.5175034927642083,12.692903410504211,76.83359517232128
AGR_0558,2024-01-23,1,Winter,25.379427026465123,10.257899844978231,57.02942724549533,0.0,0.0,healthy,none,0.0,0.4225,0.2886,0.244,719.95,0.08158095604300558,0.11135531908466646,0.1573205171324593,0.38751244263363344,12.653177105547822,76.89203088991424
AGR_0559,2024-10-20,10,Post-Monsoon,27.025418876686103,14.18465219351477,65.1315876738468,0.0,0.0,healthy,none,0.0,0.4929,0.3854,0.3108,719.28,0.09872792569922745,0.18086140591296865,0.1372610706524657,0.40409594237244345,12.503614725149195,76.7078671241617
AGR_0560,2024-10-02,10,Post-Monsoon,23.782934454912006,18.462095525050763,63.759533824724016,0.0,0.11361913746425423,healthy,none,0.0,0.6143,0.3834,0.3635,715.16,0.08706012361092991,0.068212956479638,0.1449185238849983,0.6065386909710986,12.35908760475435,76.63335171531861
AGR_0561,2024-06-07,6,Monsoon,23.546405374206827,20.75110984406512,80.55166346467698,9.13328176218248,0.27996449983002675,healthy,none,0.0,0.6159,0.4112,0.3771,719.5,0.07494711469619998,0.10392620126781,0.12641751184160135,0.5318356089165416,12.335531495070182,76.6521231557433
AGR_0562,2024-01-16,1,Winter,26.306638956977093,15.499455817731441,30.0,0.0,0.0,healthy,none,0.0,0.3353,0.276,0.2798,717.36,0.12646533968909457,0.10886829855598842,0.13203473036182228,0.265241425383092,12.415210954043983,76.70475924013935
AGR_0563,2024-11-30,11,Post-Monsoon,33.1883087985864,22.880143097988153,60.672145843247876,0.0,0.0,healthy,none,0.0,0.5509,0.3948,0.3377,708.31,0.09965453919822843,0.13568643944141207,0.17375794960827226,0.6000472145345567,12.47209107711565,76.57718088494795
AGR_0564,2024-04-11,4,Summer,34.189908010123666,22.523594225033452,72.0222796952638,0.0,0.02572377506765223,healthy,none,0.0,0.3807,0.2872,0.2472,726.78,0.04939441728140425,0.11632692030757807,0.11365989953951236,0.2533993594287175,12.476420897992384,76.62662268152013
AGR_0565,2024-03-18,3,Summer,37.416429821756175,26.1820677878301,59.34304094333647,0.0,0.04650818491427593,healthy,none,0.0,0.3031,0.2941,0.1755,710.84,0.056175707666346365,0.09852150097819508,0.18768303764398003,0.35093954133142535,12.401222569221796,76.86975172745304
AGR_0566,2024-10-23,10,Post-Monsoon,31.307842889146418,15.71417628559475,62.87436917447263,0.0,0.08778260312391259,healthy,none,0.0,0.5442,0.3943,0.4317,715.49,0.06669368978131826,0.12960764343864462,0.13975366227114214,0.473469954539486,12.236174254948741,76.8930913345991
AGR_0567,2024-10-08,10,Post-Monsoon,33.82612022178962,16.258613382652243,71.83272507484784,0.0,0.0,healthy,none,0.0,0.5492,0.3541,0.377,714.64,0.041064712543434294,0.08095629169911357,0.10048146508700537,0.3453103054853343,12.604038833850312,76.56225262718284
AGR_0568,2024-09-11,9,Monsoon,28.02204872639425,21.841631731759993,85.79576766487321,0.0,0.8992959091469301,diseased,fungal_infection,0.6713593007714324,0.4798,0.3238,0.3082,704.15,0.05974583966676737,0.14571390995258154,0.13745085107760607,0.3910030169639398,12.687802484294556,76.93416198182518
AGR_0569,2024-09-03,9,Monsoon,27.221042775115915,20.215398898213238,92.98574124777383,0.0,0.8361497975722793,diseased,fungal_infection,0.898201234141109,0.4069,0.3285,0.2761,690.18,0.10473664932254534,0.10378870983038836,0.11794064312675973,0.2797684889816865,12.279426345971977,76.59783314781266
AGR_0570,2024-11-26,11,Post-Monsoon,28.580635486171932,15.866079960003368,90.95257707478433,0.0,0.8422560328842513,diseased,fungal_infection,0.9174869703140849,0.3545,0.2798,0.2561,697.14,0.09082386014600861,0.14673211622731475,0.1438383987989211,0.30182666332012187,12.479650936038412,76.59370564399188
AGR_0571,2024-02-07,2,Winter,22.638022261935763,20.027863604316572,62.93058616126515,0.0,0.0,healthy,none,0.0,0.3784,0.3229,0.2841,710.25,0.062100133090886384,0.15734010530452486,0.18411377080377364,0.40827287914401805,12.394328000771756,76.71648377349953
AGR_0572,2024-10-18,10,Post-Monsoon,33.91219939004651,14.858550516660127,73.78307387507742,0.0,0.043056738406190835,healthy,none,0.0,0.588,0.3411,0.3891,712.79,0.08425648797339938,0.11968943130276789,0.14304504718741654,0.5513483857612075,12.32589422667344,76.68516008772527
AGR_0573,2024-05-16,5,Summer,40.354368553182425,18.325834048132997,30.0,0.016950124969625755,0.39196196287975227,healthy,none,0.0,0.4043,0.3299,0.1943,720.01,0.09789217397726521,0.11431961225480232,0.09222200097685276,0.21740365279804325,12.655173173154328,76.66337053123868
AGR_0574,2024-10-01,10,Post-Monsoon,23.352532724937994,17.413695460431708,77.54726206947412,0.0,0.09322774229614549,healthy,none,0.0,0.5509,0.3883,0.2792,713.64,0.08622030148756382,0.0898647350720153,0.1543359299235284,0.53297616058428,12.495058211172235,76.64902084917345
AGR_0575,2024-02-28,2,Winter,21.212426217841678,13.083498390721644,74.74903325642703,0.7589099405018459,0.06191040766157679,healthy,none,0.0,0.4615,0.2857,0.2731,721.41,0.06783082427002976,0.13550987428922662,0.1153182708991461,0.3129761428395581,12.590129665460239,76.66505589892762
AGR_0576,2024-03-09,3,Summer,38.2197335629293,28.57125100356527,78.2359563468497,0.0,0.5027479343352692,stressed,environmental_stress,0.5036709062579121,0.3292,0.2563,0.2558,706.1,0.06556861835319941,0.1241656809729264,0.18325995467726647,0.3631322775149412,12.676555542640964,76.52706720420116
AGR_0577,2024-04-21,4,Summer,38.192364194646245,20.178908248912165,81.39662021699175,3.208247200075361,0.6227297806792578,stressed,environmental_stress,0.5475904687028144,0.3402,0.2105,0.175,710.17,0.11018050397783709,0.07555436582869629,0.14888959453421347,0.302427757797443,12.390991734845151,76.77179698423258
AGR_0578,2024-11-13,11,Post-Monsoon,31.045881298366638,15.392773174195664,62.16295071277374,0.0,0.0,healthy,none,0.0,0.5448,0.3604,0.33,717.65,0.13274396398265087,0.16468732376542738,0.08676257917451072,0.2944438319613008,12.325772776566472,76.67171030806534
AGR_0579,2024-09-07,9,Monsoon,25.299595711082475,18.05945734818352,74.17707288828768,0.0,0.16617433557529232,healthy,none,0.0,0.6523,0.404,0.3644,724.62,0.13066678001395687,0.10420125159058308,0.1411639899631557,0.6708232977167735,12.647825615200958,76.90133790626314
AGR_0580,2024-08-18,8,Monsoon,36.216982383019136,18.4262060965468,95.0,0.0,0.7163389549889045,diseased,early_blight,0.7338890747658607,0.4291,0.2858,0.278,697.95,0.05504188147344231,0.0847732866762537,0.14411063287302228,0.3607435723223614,12.681431167092871,76.51208517606675
AGR_0581,2024-09-26,9,Monsoon,30.26261797184022,20.21597103337206,93.71471447453354,0.0,0.8613977202129304,diseased,fungal_infection,0.755819665792609,0.4168,0.3244,0.2875,700.06,0.0586968797180928,0.1448130714529002,0.08967942509468686,0.21786318496939705,12.651388023882271,76.98114577083629
AGR_0582,2024-09-29,9,Monsoon,28.27788276384677,22.48572512571663,85.9874334536292,0.0,0.7541786886181251,diseased,fungal_infection,0.8969830256854225,0.3941,0.2768,0.2825,697.65,0.11148293572064819,0.10962278157999517,0.11650476841270133,0.26806287777545285,12.485934844685865,76.94715144665932
AGR_0583,2024-07-18,7,Monsoon,30.687388654707785,20.39253194413222,71.5924054836187,5.815787534011184,0.054699579107963275,healthy,none,0.0,0.5031,0.4032,0.3615,710.55,0.05855223490515439,0.11975793336340855,0.18888911031882524,0.5713810056756414,12.500007238740316,76.5904092395012
AGR_0584,2024-07-25,7,Monsoon,25.321983808281246,23.321983808281246,75.74870684981697,10.687395469569669,0.9541341032030526,diseased,viral_infection,0.7777575275663079,0.4554,0.3454,0.3011,704.21,0.07870455480404247,0.12278806958048934,0.12800300670142617,0.34207781115177316,12.206990856485682,76.88590273423912
AGR_0585,2024-12-04,12,Winter,23.469808149711753,16.716255226418433,91.10317182102541,0.0,0.3801290286344418,healthy,none,0.0,0.4457,0.2751,0.25,710.92,0.0690145932775946,0.10599999218946184,0.18380885451085371,0.4794018779836573,12.695946741571321,76.51930830280612
AGR_0586,2024-09-14,9,Monsoon,28.472903675322833,20.389910184824373,84.80696711636021,0.0,0.7510600690410313,diseased,viral_infection,0.7482842628151136,0.4762,0.3242,0.318,702.44,0.0933066906901775,0.18628816728127132,0.11853711633768599,0.33406737521514324,12.477509262102645,76.64360628556368
AGR_0587,2024-08-17,8,Monsoon,28.997116999671956,18.566534512355666,74.94958053203808,0.0,0.013403545170573045,healthy,none,0.0,0.6462,0.4002,0.3687,721.07,0.07085651705713941,0.13551406369813387,0.12009591623503037,0.558795639644169,12.462224697236126,76.99045327914506
AGR_0588,2024-03-11,3,Summer,38.9544351739967,20.856586909979743,74.05569860816294,0.0,0.3401500346552158,healthy,none,0.0,0.4269,0.2491,0.1743,717.24,0.07067137175277455,0.1072521949332912,0.12178272015687064,0.3032136859044473,12.463321131762598,76.72577318048653
AGR_0589,2024-12-04,12,Winter,27.16430772203225,15.186949838023917,45.37911091810112,0.0,0.0,healthy,none,0.0,0.5021,0.2747,0.3053,717.56,0.04342474353689412,0.09371197952456628,0.18391204096517277,0.5548388767499216,12.330258722717984,76.82289517889754
AGR_0590,2024-02-06,2,Winter,24.2112784063751,8.417728800716256,54.67794406772616,0.0,0.4432636324021755,stressed,environmental_stress,0.43010907993208786,0.3683,0.2581,0.266,710.99,0.09704348362643811,0.1201473167569066,0.19137440392058236,0.4145284104551732,12.242521810653034,76.60999556344846
AGR_0591,2024-03-24,3,Summer,38.84600037721587,13.582775742129416,70.72712210593176,0.0,0.30040424027919627,healthy,none,0.0,0.455,0.2873,0.1942,722.56,0.10722865382557703,0.14154750802512572,0.05023961427277451,0.13412594269153566,12.67358459585288,76.79760009045272
AGR_0592,2024-09-03,9,Monsoon,27.230036389893105,18.988194119215272,95.0,0.0,0.8409495851403237,diseased,fungal_infection,0.8577462801970269,0.4045,0.3051,0.2885,700.43,0.09880934015442859,0.12559897969538217,0.11182307601432359,0.2637372128666961,12.414872690537832,76.74702143346786
AGR_0593,2024-01-18,1,Winter,26.92266497354086,12.300352148862912,61.8417725039295,0.0,0.010028251454174507,healthy,none,0.0,0.5517,0.2716,0.2445,717.9,0.09083328049031876,0.060432600194382166,0.20223550777200697,0.6999974066692464,12.58598221717494,76.51921282281953
AGR_0594,2024-12-25,12,Winter,28.28634845352685,14.744744503046936,54.50808689676084,0.0,0.0,healthy,none,0.0,0.4901,0.3096,0.1713,717.71,0.10460920095519952,0.13582442499083192,0.16783355500916985,0.49046632735666595,12.55436428995245,76.56721554141787
AGR_0595,2024-03-19,3,Summer,28.110972264169924,15.692515535721565,85.17401414116419,0.0,0.7340275862751853,diseased,fungal_infection,0.7729789438420855,0.2726,0.1996,0.2008,701.76,0.05679986499758881,0.11709688943584678,0.198173050524282,0.346707484323895,12.56347693436655,76.99966496074654
AGR_0596,2024-05-14,5,Summer,36.89884390959466,21.239310485655395,57.904734990935694,0.0,0.0,healthy,none,0.0,0.3594,0.2633,0.2942,709.43,0.1187172205136121,0.12407567704698871,0.14615997353064566,0.31016214176952805,12.60961528842005,76.53994684389568
AGR_0597,2024-07-07,7,Monsoon,27.40582071034328,21.07792999470798,77.65510548460134,0.0,0.6790291621548186,stressed,environmental_stress,0.39082427114136975,0.473,0.3427,0.3258,711.17,0.12026337947856683,0.11921106657485939,0.20862102636887703,0.5831096239873925,12.349986954077266,76.58018711758334
AGR_0598,2024-12-08,12,Winter,28.439098225890493,14.140851989479838,48.00247256191909,0.0,0.057629965304050984,healthy,none,0.0,0.4431,0.274,0.2056,721.25,0.09387412225072371,0.16753483125471175,0.11839931612739167,0.30680921728037164,12.617236871731313,76.71014513002713
AGR_0599,2024-08-17,8,Monsoon,30.078445630902767,18.487718719695923,78.30895340791453,1.759982749118335,0.23479497323943377,healthy,none,0.0,0.6799,0.4363,0.3649,716.9,0.07988839404466405,0.09669273213322885,0.10464594000061737,0.549186862252537,12.682997247278731,76.95588664091935
AGR_0600,2024-05-09,5,Summer,33.39896743621131,22.4895820739655,54.19786099759539,2.0789082786950095,0.17070175029576057,healthy,none,0.0,0.3803,0.3012,0.2562,726.57,0.07115542148245022,0.14531913073216782,0.07852755112745269,0.17490976088627233,12.376952913128429,76.94572753227818
AGR_0601,2024-10-14,10,Post-Monsoon,38.67497607922768,18.740718190249837,48.12203258393415,0.0,0.1556681697614651,healthy,none,0.0,0.4804,0.4066,0.358,721.15,0.07832511129236197,0.11101147653267722,0.21740894045918954,0.6194230089603237,12.484667600888047,76.84630672171255
AGR_0602,2024-05-16,5,Summer,27.853587709209204,23.639799275767228,89.43152131362173,0.0,0.6144264919731971,stressed,environmental_stress,0.33921795497018237,0.3072,0.2558,0.1923,712.44,0.10302959188407684,0.12991852486808805,0.18239073233381883,0.34414140488852185,12.458922656093453,76.94537279592485
AGR_0603,2024-07-29,7,Monsoon,30.449836460904102,20.184833595598096,91.63519091203777,0.0,0.9241600523585668,diseased,early_blight,0.9478760805038182,0.3373,0.2673,0.2471,693.39,0.09906884852505932,0.15391774192992086,0.1457745902921041,0.2941668320471266,12.460911612474975,76.59673792470718
AGR_0604,2024-09-22,9,Monsoon,28.429171865648232,19.224581200113807,86.55974308672444,9.240307306205057,0.9595036338687408,diseased,late_blight,0.7863775803719939,0.3645,0.2532,0.2149,693.93,0.07911125292107561,0.11212617753889002,0.18101295005614262,0.38865801786248094,12.464955304280474,76.53449365412934
AGR_0605,2024-06-14,6,Monsoon,25.48862222948622,23.48862222948622,90.3087829484861,0.0,0.6122549418830519,stressed,environmental_stress,0.513908460686729,0.5429,0.3502,0.304,703.83,0.07343249481166396,0.15323163287947345,0.172664085935709,0.5828121159269426,12.694101746363486,76.67318175155425
AGR_0606,2024-06-12,6,Monsoon,23.362167454317873,19.028996313028983,78.31266252176331,1.587031515288714,0.17275390182327566,healthy,none,0.0,0.5323,0.4237,0.3445,715.12,0.08564513821164323,0.07516093466728321,0.16225490175865384,0.5315868846798916,12.681774799695425,76.72185763456012
AGR_0607,2024-01-15,1,Winter,24.718691796936263,7.7210472796238,77.33648467658927,0.0,0.42071394367785686,stressed,environmental_stress,0.5988435726372575,0.3568,0.2365,0.1875,710.06,0.09590975389909777,0.14435986726062394,0.14133957527602528,0.29814915381609314,12.480001994614458,76.72519503820297
AGR_0608,2024-04-13,4,Summer,39.41078690516035,24.5821155177833,61.76781225469227,0.0,0.37179930556752255,healthy,none,0.0,0.4234,0.271,0.2298,717.76,0.084910679964183,0.11769318883693017,0.11614882570363733,0.2867260466641647,12.517038530604282,76.5120559196632
AGR_0609,2024-12-18,12,Winter,19.891527678587128,6.70885852467015,89.28581046394767,0.0,0.5903135163503191,stressed,environmental_stress,0.3517323237879692,0.4141,0.2691,0.2838,714.89,0.054152490917896146,0.160707288845562,0.20353641264864725,0.49124567524569396,12.65108807998874,76.75417358745368
AGR_0610,2024-03-05,3,Summer,32.061315625292565,24.867807466992286,82.75323653872407,0.0,0.08353366514876054,healthy,none,0.0,0.3697,0.2432,0.248,720.79,0.07271419808215178,0.1807527325047586,0.18606740488566714,0.40434162219879144,12.627133846328764,76.51115085244932
AGR_0611,2024-10-02,10,Post-Monsoon,28.856187881905,16.659012203956557,89.16672473617936,0.0,0.5854292211984511,stressed,environmental_stress,0.5270650822959106,0.4695,0.3246,0.2684,700.49,0.07956533014143212,0.07696752723456121,0.16678861554925298,0.4620091810549053,12.232449608615863,76.81296651842435
AGR_0612,2024-09-27,9,Monsoon,24.235121887589,21.062073664940154,90.89432086653537,0.0,0.4073748928818337,stressed,environmental_stress,0.41169444233227953,0.4893,0.3439,0.3092,706.47,0.0905253535735566,0.0845388732282948,0.0713695788757011,0.20812749915719925,12.362915009968697,76.61880710009733
AGR_0613,2024-06-06,6,Monsoon,31.469069551572353,20.47886404278245,89.32082229703784,0.0,0.6546569354341543,stressed,environmental_stress,0.3188627346343463,0.5657,0.3486,0.3454,716.05,0.08924401798134778,0.09914997792518838,0.18979167410796902,0.6842201799466892,12.456216616284657,76.8104825481386
AGR_0614,2024-09-17,9,Monsoon,32.260554816345845,21.184227800569836,79.34664716741487,2.420706932996533,0.5719599497624892,stressed,environmental_stress,0.342464655296347,0.5599,0.3951,0.3171,706.09,0.06442652297405907,0.17558091284558647,0.12123422040051096,0.42970520427802095,12.400721774630002,76.88242394660999
AGR_0615,2024-09-18,9,Monsoon,27.708388989220662,17.842997320843775,92.41015011298069,9.225010956987669,0.8430955718692366,diseased,late_blight,0.8630375328975508,0.3198,0.2506,0.2563,691.64,0.0701677199454413,0.18722698945435057,0.07378620705364586,0.1431682388553393,12.535479450521775,76.50965920176716
AGR_0616,2024-03-02,3,Summer,34.691340899154945,22.26334359954951,45.600457711853494,0.0,0.0,healthy,none,0.0,0.2866,0.2585,0.2752,715.68,0.11475969970247041,0.1328690384564555,0.16355032649121465,0.29495913942191865,12.212437941007302,76.68841778050809
AGR_0617,2024-09-05,9,Monsoon,27.614805202247172,19.14384760527377,84.26380368131882,0.0,0.49916759952141576,stressed,environmental_stress,0.37526771290615535,0.5421,0.3398,0.3403,713.41,0.051580664912594415,0.12266109920688612,0.19116012959912648,0.6437825635615047,12.579553199149546,76.88153030188153
AGR_0618,2024-09-03,9,Monsoon,26.72849938538055,18.468777685939624,90.872850686458,0.0,0.7462292191469999,diseased,fungal_infection,0.9045398624811569,0.3867,0.2824,0.2695,698.28,0.0769429001637155,0.13300687380575638,0.22051918610149596,0.49860419919606136,12.493834525736629,76.65896966485342
AGR_0619,2024-08-19,8,Monsoon,26.476849692550857,21.041733611754758,81.74261444849428,1.8307345696244175,0.6492578000551243,stressed,environmental_stress,0.4230491307691912,0.5431,0.3453,0.3144,705.14,0.09786273184660439,0.12786485881322082,0.14518333143920403,0.49033136078755907,12.693835563616746,76.73671745161684
AGR_0620,2024-03-27,3,Summer,35.08940221986546,19.04002291682767,74.40315595293532,0.0,0.0,healthy,none,0.0,0.4191,0.3102,0.1524,714.34,0.08263185921123732,0.13715117679108949,0.09148464249042271,0.22349088682761037,12.223348908942556,76.97259428987977
AGR_0621,2024-02-03,2,Winter,26.294379873181647,12.02387392404751,70.7389993899309,0.0,0.08771111535319534,healthy,none,0.0,0.3884,0.2966,0.289,701.53,0.08504926730692935,0.1289887821578343,0.1045626031375089,0.23736873478763468,12.571500959260474,76.95843741446191
AGR_0622,2024-09-22,9,Monsoon,26.804555064602937,17.75011995623003,82.3299311560749,0.0,0.7906182157348298,diseased,viral_infection,0.978523559683355,0.4414,0.3208,0.296,702.03,0.10586739774971342,0.1326580113652053,0.1554636606959357,0.40115524619964504,12.49488980038904,76.88459339499796
AGR_0623,2024-03-22,3,Summer,35.918250459423845,22.35624466011917,52.30854197990658,0.0,0.0,healthy,none,0.0,0.3709,0.2488,0.241,712.23,0.07611608505930613,0.09513861055236533,0.12563290344054245,0.27377228950348065,12.641487749915449,76.85400566543565
AGR_0624,2024-03-22,3,Summer,33.66738267169082,17.970320056155046,73.78867635917462,0.0,0.14247188303170474,healthy,none,0.0,0.3867,0.2152,0.2352,718.12,0.10334435466608746,0.16765341528720334,0.12260051283425008,0.27720549673447675,12.581815957773566,76.84399201076184
AGR_0625,2024-05-27,5,Summer,38.20472705595273,25.016540433562703,62.97707094701118,0.0,0.3196886763916562,healthy,none,0.0,0.3809,0.2636,0.3285,722.41,0.06663277447655362,0.10169232298906569,0.16039204842379456,0.35775380337331275,12.541540086737067,76.79025963833818
AGR_0626,2024-12-20,12,Winter,25.56589324470394,19.824201741518188,49.465939159319085,0.0,0.08810588920574335,healthy,none,0.0,0.5073,0.3068,0.2343,716.3,0.05226463578324629,0.11665399151419477,0.1568837150452732,0.4799489013349711,12.432201453160323,76.90874912826283
AGR_0627,2024-09-02,9,Monsoon,28.137168387056334,19.63408514897957,92.676709507036,11.549348312004364,1.0,diseased,late_blight,0.8821425345421683,0.372,0.2662,0.2196,693.48,0.07237603819020143,0.09248949595573136,0.11162892967155058,0.24387721577924745,12.461191652713367,76.71538057918087
AGR_0628,2024-03-08,3,Summer,29.921602754572834,20.081683657985476,95.0,0.0,0.5746286412419862,stressed,environmental_stress,0.46701558771994955,0.3106,0.2061,0.2234,707.79,0.05737267512853421,0.14619610403875324,0.18914882860830984,0.3595858061706569,12.400815104166384,76.91497875457809
AGR_0629,2024-08-07,8,Monsoon,29.221655824542314,18.206828918705618,89.58757994684319,0.0,0.8071014683910696,diseased,leaf_spot,0.8413670313889133,0.4649,0.3356,0.2526,698.4,0.08548951603155619,0.0690873005717832,0.10782779829583683,0.29519144407320386,12.400451361289562,76.88055529424263
AGR_0630,2024-10-11,10,Post-Monsoon,32.84473939091346,21.346821033730173,59.33839264571331,0.0,0.0,healthy,none,0.0,0.4921,0.3699,0.3992,715.65,0.10094610916352013,0.12116571061702862,0.11797084098654566,0.3465727344674636,12.67446793750075,76.74422040335675
AGR_0631,2024-09-07,9,Monsoon,27.110209905341858,19.381943448365913,84.11046851610124,0.0,0.6658907067858392,stressed,environmental_stress,0.5220107834952531,0.5296,0.3233,0.3607,708.48,0.06513456465282207,0.13313468635530862,0.18341038268797724,0.5963956661554632,12.208939242017408,76.6081164471955
AGR_0632,2024-06-10,6,Monsoon,25.365018138399208,22.82642816583861,75.34820037134759,0.0,0.12040277559406706,healthy,none,0.0,0.5604,0.4398,0.3282,711.57,0.0933508662261163,0.18220596738122535,0.11765419372549846,0.417624212668944,12.426014286732341,76.55098418448146
AGR_0633,2024-07-04,7,Monsoon,31.67207739442851,14.39236859328416,76.49423007361743,0.0,0.46816342236683894,stressed,environmental_stress,0.4644611318376455,0.5096,0.3741,0.3391,711.2,0.11211222766483755,0.1528835380622755,0.1578732559560772,0.48598178464782665,12.610823298582249,76.5611443605903
AGR_0634,2024-04-20,4,Summer,30.061433906571644,18.253590602530952,80.51479124602733,0.0,0.327789837532657,healthy,none,0.0,0.4002,0.274,0.3072,718.43,0.07266684455439001,0.11682582022736485,0.15395276884718337,0.3593942429807038,12.352781530510715,76.74776231165592
AGR_0635,2024-01-30,1,Winter,26.847380044634093,14.893821224609756,63.24904032625871,0.0,0.0,healthy,none,0.0,0.4469,0.3293,0.2498,729.53,0.12294996131979279,0.11782581856353247,0.1574685262733288,0.41193493159443045,12.439770562553113,76.90585679886041
AGR_0636,2024-07-10,7,Monsoon,28.217882164538207,22.879801112713622,82.42254040190394,0.0,0.6582453933745411,stressed,environmental_stress,0.4155123713521235,0.5034,0.3864,0.3065,712.81,0.096132862334455,0.11314704236800924,0.12062896114842321,0.36519045547833157,12.68491039262052,76.51250205642529
AGR_0637,2024-08-03,8,Monsoon,26.040908273625835,19.59328347299601,88.6145460519644,6.012518743777213,1.0,diseased,early_blight,0.9164730669555738,0.3633,0.2952,0.2949,691.21,0.07347332868585263,0.04949265953947356,0.08240655901763579,0.1764486601362382,12.491877094391533,76.64078714292776
AGR_0638,2024-09-03,9,Monsoon,29.332249427500987,18.41739304813327,93.31450583020622,0.0,0.9753636169510744,diseased,fungal_infection,0.6490841775720725,0.4576,0.3455,0.2952,702.78,0.11996205533317664,0.12887208126869662,0.11057394468829325,0.2971470902980388,12.390632859544523,76.75046934587495
AGR_0639,2024-04-02,4,Summer,31.598922879212772,22.741814356326266,78.29869239136474,0.0,0.27722299334832917,healthy,none,0.0,0.3727,0.2883,0.2621,722.46,0.04228684103478019,0.135271384160222,0.18605079078246456,0.40712883868498184,12.210581906991019,76.66835283444877
AGR_0640,2024-08-06,8,Monsoon,28.85916023186617,19.622810341705023,92.51165742587881,0.0,0.7470225919890665,diseased,early_blight,0.6656964268892618,0.4344,0.2861,0.2694,700.86,0.062121433539981674,0.15592324129649004,0.09824730539728428,0.24916183674304204,12.48537187086666,76.88607625240373
AGR_0641,2024-10-08,10,Post-Monsoon,32.703015972606345,13.423379267194372,95.0,0.0,0.5953801568038912,stressed,environmental_stress,0.39983116381475403,0.498,0.361,0.2473,709.31,0.07639126058760726,0.19165340449640522,0.2077445522851158,0.6199229866994093,12.391969611518629,76.63436373473239
AGR_0642,2024-02-24,2,Winter,25.170673298973615,11.650345409139932,55.868051302175374,0.0,0.04861529508553525,healthy,none,0.0,0.4685,0.2891,0.1999,719.77,0.07980295156776775,0.08708407370445731,0.21581541300415996,0.5962839774160092,12.652084274773863,76.90262404348172
AGR_0643,2024-11-28,11,Post-Monsoon,27.700638031614854,22.48671520944728,84.17652436948572,0.0,0.3988058053485075,healthy,none,0.0,0.4832,0.3164,0.3012,718.05,0.05984431456164632,0.13293264220911305,0.17607431078062405,0.505327820723339,12.307804531541095,76.69964962801289
AGR_0644,2024-07-11,7,Monsoon,26.851852133723465,21.681520755244076,78.5997120851814,0.0,0.4032495204787117,stressed,environmental_stress,0.5605519412056172,0.4689,0.3889,0.3522,709.38,0.10866425949955723,0.12206284643212152,0.13514838794278522,0.37378924317295653,12.309632850796289,76.65262681455022
AGR_0645,2024-08-28,8,Monsoon,24.732892673396808,21.99033533031721,92.49893931402944,0.0,0.43433950815156086,stressed,environmental_stress,0.49247108866952993,0.5601,0.3762,0.3165,707.38,0.04926938619235924,0.11145631771453815,0.11010940168126337,0.3905016539280268,12.2885677273965,76.68181387438558
AGR_0646,2024-06-22,6,Monsoon,29.02026823439171,18.8404848831991,81.11367522873216,0.0,0.436655636522912,stressed,environmental_stress,0.47091138961062295,0.5295,0.3413,0.3358,707.51,0.06433100518199211,0.1778727420365571,0.172911654488385,0.5621006919021995,12.34524080280447,76.66985727191805
AGR_0647,2024-08-25,8,Monsoon,29.567015891416556,22.782915933911884,83.30204552128056,0.0,0.7065503268119343,diseased,early_blight,0.8354755897344064,0.4104,0.2832,0.268,698.59,0.08449901688878307,0.10285648186037244,0.18864685223790617,0.4512678432773794,12.686763275918626,76.6439688740857
AGR_0648,2024-10-14,10,Post-Monsoon,28.71561197611028,22.022800523225516,85.94950829929155,0.0,0.7306775392803968,diseased,fungal_infection,0.8505797472912445,0.3916,0.2889,0.3069,697.66,0.08032605634056222,0.12234345334956313,0.17794334935104816,0.4070117767207735,12.55074530776468,76.85818452755703
AGR_0649,2024-05-23,5,Summer,38.52204275286254,17.04356760433355,49.96844113054354,0.0,0.16769242573229756,healthy,none,0.0,0.4612,0.2989,0.2508,710.09,0.07900179533917676,0.102302538112502,0.16324155611268854,0.44270334408288886,12.32191954984797,76.6489381657614
AGR_0650,2024-04-15,4,Summer,41.57090362959187,19.121010020333667,33.242424680073256,0.0,0.19897606021827757,healthy,none,0.0,0.3582,0.2806,0.2042,726.35,0.10054302071786303,0.14425078648997125,0.145213643901074,0.3073062810009952,12.414941379062423,76.50551404213445
AGR_0651,2024-07-22,7,Monsoon,32.54284220716145,20.882610431047144,90.67399380070651,0.0,0.5035816994829891,stressed,environmental_stress,0.3344387900994492,0.5413,0.3724,0.3125,713.36,0.062198234929433285,0.0861334395840007,0.1962379859680266,0.6593887241607139,12.288400833232032,76.551200174898
AGR_0652,2024-02-18,2,Winter,27.569784360179817,13.728483858297484,72.29332148394,0.0,0.2528380274446877,healthy,none,0.0,0.472,0.3321,0.1835,712.52,0.08205124407145035,0.16667834604659343,0.17519042927494605,0.4884096816150011,12.65794531736835,76.63885781962028
AGR_0653,2024-03-31,3,Summer,36.31879841835606,23.676085848765457,58.9304221993858,0.0,0.0,healthy,none,0.0,0.4442,0.2807,0.1676,722.03,0.0903311408959967,0.13372544705535108,0.18551643545007004,0.48204900337709805,12.677007902059593,76.75550238177229
AGR_0654,2024-03-06,3,Summer,36.03037544249542,18.85407076358321,66.89477124550504,0.0,0.01715941620649114,healthy,none,0.0,0.4882,0.2327,0.1728,715.87,0.09566257145789296,0.1312795919996229,0.19216398810847526,0.5587699239996734,12.415541023241744,76.70066797154972
AGR_0655,2024-11-20,11,Post-Monsoon,28.822908462923657,20.850450090632506,74.05086489769981,0.0,0.0,healthy,none,0.0,0.6128,0.3846,0.3217,714.48,0.11182322153657998,0.146910192980672,0.16963293807506585,0.7065702544614314,12.55385131477484,76.70294387630236
AGR_0656,2024-09-19,9,Monsoon,29.136651363408507,19.667107981060123,93.84937401433865,1.387535477426206,0.7687740406674632,diseased,fungal_infection,0.9094717385917003,0.4189,0.2948,0.2944,697.2,0.08762489310324198,0.1187818130496441,0.14615150951837683,0.35686521572126123,12.642961835208402,76.92380568710783
AGR_0657,2024-05-16,5,Summer,36.035721712902756,19.523936296961466,55.06090821121843,0.0,0.12164459834974839,healthy,none,0.0,0.3438,0.3003,0.2594,718.09,0.0421471029513074,0.16456977365542313,0.11260641325710354,0.2306011858197131,12.326297546559566,76.97885205350325
AGR_0658,2024-01-15,1,Winter,27.859460865637523,12.92717759536832,53.43255180922275,0.0,0.06686161119129307,healthy,none,0.0,0.4126,0.3667,0.3246,721.15,0.07249177523678711,0.11229212903045649,0.16453749292305642,0.39568549966481026,12.649572644222507,76.86330401059064
AGR_0659,2024-10-28,10,Post-Monsoon,36.627390699651336,22.132642568839724,65.65642292659902,0.0,0.017557408492582183,healthy,none,0.0,0.4911,0.4261,0.3641,717.01,0.09454342519067899,0.10788889698006279,0.18316596140238167,0.536684545189804,12.431890298680461,76.7075390645039
AGR_0660,2024-04-24,4,Summer,34.401166061285906,17.099477325701294,68.10076838300625,0.0,0.038805916842089574,healthy,none,0.0,0.4898,0.25,0.2393,715.41,0.03998435520073203,0.141047631931716,0.17253767205005638,0.5038154132108468,12.226931057227548,76.53483643221179
AGR_0661,2024-04-26,4,Summer,32.812695387578614,24.86128076743406,95.0,0.0,0.34355465661358847,healthy,none,0.0,0.3745,0.2801,0.278,715.29,0.07095103588432786,0.13116500287098326,0.1728782528789,0.3798899417778546,12.529699539952684,76.70343205376965
AGR_0662,2024-07-06,7,Monsoon,33.40223820770836,18.675529799198927,91.1700113140097,0.0,0.5535236761884664,stressed,environmental_stress,0.5904684152885231,0.4921,0.3521,0.3047,706.93,0.10467831657173349,0.09737653753928073,0.19743463291730246,0.580020113754493,12.638819435793886,76.64986474236046
AGR_0663,2024-01-21,1,Winter,24.204390983079072,16.082267263991504,66.08432520687305,0.0,0.0,healthy,none,0.0,0.4606,0.3717,0.2361,712.92,0.06107161705430497,0.15664270780175857,0.1216867488706426,0.3295062391554701,12.50398558379908,76.55129228016551
AGR_0664,2024-03-07,3,Summer,35.768699168252716,19.366003152286087,87.59625535371727,0.0,0.37376334697689173,healthy,none,0.0,0.3345,0.2647,0.2714,723.12,0.09526576526205835,0.11585267012030818,0.12336196015577891,0.24737270597729072,12.459714864483653,76.89132750552778
AGR_0665,2024-12-07,12,Winter,21.76696864444258,13.882471504398586,49.30377145709433,0.0,0.0,healthy,none,0.0,0.4572,0.3378,0.2025,719.65,0.09161999079923384,0.05822518548923039,0.1819400535162888,0.48843597270437744,12.382525638770902,76.9397086551322
AGR_0666,2024-02-17,2,Winter,23.856669535438016,16.21950471768178,36.581295053618476,0.0,0.0,healthy,none,0.0,0.4553,0.3436,0.2681,723.65,0.055416448555244927,0.18115624185866477,0.19389141754166728,0.518028602805927,12.22950166699955,76.95305587572332
AGR_0667,2024-07-03,7,Monsoon,29.42789758653467,16.616077560624852,91.36571558292286,0.0,0.8549631808743333,diseased,early_blight,0.8718032090946222,0.3934,0.2964,0.2485,696.55,0.06980212094268734,0.12546511883136305,0.18567510538281098,0.4265078995061141,12.375913448543406,76.61629731848193
AGR_0668,2024-01-31,1,Winter,27.193709503185097,10.747219422393863,81.97666826781429,0.0,0.5067193656095698,stressed,environmental_stress,0.3383228290628067,0.3399,0.2892,0.2437,707.04,0.07419846787314892,0.0987760434286957,0.12425664724203166,0.2522216052713198,12.433310375669423,76.62850282173714
AGR_0669,2024-12-10,12,Winter,19.204245787223023,17.204245787223023,43.06656541218429,0.0,0.0,healthy,none,0.0,0.4291,0.3184,0.2643,719.19,0.08429965634909097,0.15370281861287285,0.17707976389500216,0.44327323626265125,12.588069701845761,76.7675368748896
AGR_0670,2024-08-11,8,Monsoon,24.748594014189347,22.367480972336203,89.4255415017935,23.146230538607433,0.9086709150145101,diseased,leaf_spot,0.696835466514202,0.5003,0.3276,0.2898,703.5,0.08933884543863763,0.10406342361000813,0.1859679258396003,0.5583503684954019,12.2838109853777,76.91887872267517
AGR_0671,2024-04-04,4,Summer,42.642871897081456,18.992363102831433,83.29239533849943,0.0,0.462559130250656,stressed,environmental_stress,0.5014928764364835,0.3796,0.2304,0.1393,702.58,0.06683646624780713,0.14279810945879484,0.18052400098191657,0.40143602797332695,12.346222730498697,76.5406951583165
AGR_0672,2024-04-08,4,Summer,34.09162557423984,24.758412923581037,77.82552602296354,0.0,0.22739992622631794,healthy,none,0.0,0.254,0.2649,0.191,712.11,0.07455540231260284,0.06523024889096908,0.11768160865761829,0.19781868264966934,12.534740373192966,76.50857584034831
AGR_0673,2024-10-04,10,Post-Monsoon,24.59315293198432,14.658763438734375,85.17527984407371,0.0,0.2953078249893094,healthy,none,0.0,0.5762,0.3322,0.3113,719.89,0.07867668130907131,0.12776662547138118,0.10736789154604967,0.3993234324088804,12.30048701639562,76.89503706348164
AGR_0674,2024-04-03,4,Summer,41.83963472563083,24.00233807194966,58.80318320785548,0.0,0.2141663024739276,healthy,none,0.0,0.4218,0.2416,0.223,723.53,0.06043558292691202,0.13885931123295572,0.14796911962907364,0.36385765183088353,12.622933453102418,76.9726831863147
AGR_0675,2024-09-11,9,Monsoon,28.480579748520917,22.71523926610028,83.85134729030293,7.802007220786708,0.8923044827226763,diseased,late_blight,0.7010718510957397,0.3923,0.2832,0.2148,697.77,0.06898019218312432,0.10425548411121403,0.16619462771854437,0.3807681095483451,12.431914865908315,76.88741388332731
AGR_0676,2024-04-14,4,Summer,31.750569774755856,18.517088062819052,64.92346043266116,0.0,0.0,healthy,none,0.0,0.378,0.3082,0.1876,718.84,0.08822056245234884,0.14324942667022844,0.13545648492726284,0.30009491355268203,12.329875468051288,76.77574514767566
AGR_0677,2024-11-07,11,Post-Monsoon,30.66240298377761,19.96207192269444,53.70641906858091,0.0,0.03999965529436064,healthy,none,0.0,0.5506,0.3958,0.3392,715.33,0.1014295186050912,0.08670749616335177,0.1629298875013425,0.5621697453484238,12.467762941347798,76.61521098590717
AGR_0678,2024-11-12,11,Post-Monsoon,36.5567332213876,19.566152202893644,70.8063598670654,0.0,0.0,healthy,none,0.0,0.558,0.3321,0.295,719.42,0.08352601398081261,0.08944885310596445,0.12207875616241186,0.43031380565845634,12.400374223823789,76.58927642964245
AGR_0679,2024-10-25,10,Post-Monsoon,25.525679134548273,19.36026625108073,76.17153696479663,0.0,0.38334366953800625,healthy,none,0.0,0.5635,0.3763,0.3443,720.04,0.047669727989426015,0.1766662016266232,0.07276244072152256,0.26062789477228065,12.458805238706411,76.92938764261423
AGR_0680,2024-10-06,10,Post-Monsoon,30.472039703019234,20.929519767189493,33.91797325855269,0.0,0.0,healthy,none,0.0,0.5755,0.3554,0.3547,718.66,0.07108496484139679,0.11053937465907974,0.15014019326674474,0.5572340977426533,12.699153465190994,76.84748263440932
AGR_0681,2024-06-26,6,Monsoon,27.339453657875794,22.892197237150437,83.45187425979414,0.0,0.6397330813916267,stressed,environmental_stress,0.4679275478787872,0.5183,0.3433,0.3138,710.14,0.08775780492795572,0.13679097192662928,0.19641033898433058,0.6190778859869402,12.590730072915319,76.71604185642603
AGR_0682,2024-10-08,10,Post-Monsoon,28.63397273056406,16.938423111539688,95.0,0.0,0.8054620628487318,diseased,fungal_infection,0.8720853483734672,0.3568,0.2554,0.2316,701.1,0.06905616422235018,0.08245931453282139,0.13276015199120747,0.2800512658919003,12.615069451138327,76.92655569457852
AGR_0683,2024-03-20,3,Summer,34.04557787314149,21.91266435661192,59.98452897252869,0.8447830239279949,0.12414268502848713,healthy,none,0.0,0.3956,0.2167,0.2687,727.15,0.0830986196237639,0.12697651090320974,0.11880459951749166,0.274327761559582,12.658313140988989,76.64956514781562
AGR_0684,2024-06-01,6,Monsoon,32.66831331258125,20.493460902173865,88.17574633060033,1.0339395487863965,0.44401478606997585,stressed,environmental_stress,0.4964715906353493,0.507,0.3536,0.3285,708.04,0.08759399354834226,0.11065598415302395,0.1523443566948717,0.46568548790907033,12.59642226691856,76.71632124030202
AGR_0685,2024-12-01,12,Winter,21.316514301829024,14.884752572094186,68.75216671598831,0.0,0.0,healthy,none,0.0,0.5293,0.3047,0.2558,711.62,0.08895392532790024,0.13633379608582386,0.10622022556660414,0.34510854250904555,12.226848593969686,76.65670278073728
AGR_0686,2024-11-28,11,Post-Monsoon,26.252618828289563,16.731651838058646,82.71906548303674,2.200268548489997,0.6125359055617893,stressed,environmental_stress,0.4996418895411898,0.5065,0.3525,0.2712,702.61,0.06736116003379829,0.1493050724080852,0.13441239724641102,0.4103186959507967,12.566779176467753,76.7088510883393
AGR_0687,2024-04-24,4,Summer,34.902717639845086,24.9064234421901,43.734958979514495,0.0,0.0,healthy,none,0.0,0.4424,0.2506,0.2911,726.26,0.06220810202924568,0.13960390526655092,0.19453146111087155,0.5032140952408916,12.649939760285575,76.64257951475503
AGR_0688,2024-05-22,5,Summer,36.48120253537771,19.42948918144063,59.85900351690968,0.0,0.30433294954994045,healthy,none,0.0,0.3319,0.27,0.2047,716.34,0.0625170532262895,0.12466102359407032,0.19295576680733983,0.3846696389922106,12.653448195816914,76.5359447273
AGR_0689,2024-07-15,7,Monsoon,26.88179563770334,21.313797412639296,79.22122076307977,0.0,0.4628330045741797,stressed,environmental_stress,0.49160972846495177,0.5151,0.3294,0.2619,706.08,0.11603056815664373,0.18066522300262133,0.2232470854226355,0.697549307329006,12.33868790666665,76.73794625541474
AGR_0690,2024-01-04,1,Winter,28.525473478882425,13.77337989478773,95.0,0.0,0.5965230221946434,stressed,environmental_stress,0.5598700868576767,0.3596,0.2717,0.2499,705.65,0.06703079978115165,0.12694086973023871,0.20507543544703397,0.4353850125449521,12.629821955282697,76.97031827540312
AGR_0691,2024-08-14,8,Monsoon,30.288426068719886,18.266905828717857,83.61934185977245,3.260253941898928,0.7259845776996449,diseased,early_blight,0.7288128823901948,0.4226,0.2758,0.2862,700.08,0.07350648993520331,0.14982693827305954,0.1100476257071179,0.27113569852952185,12.483919373169652,76.98851937680823
AGR_0692,2024-07-14,7,Monsoon,24.961943309894522,16.4800822357015,81.43363748938546,0.0,0.34962776631705467,healthy,none,0.0,0.5821,0.427,0.3313,713.38,0.04398451082423641,0.10840097406857074,0.18092726051240549,0.6849605619925262,12.20392246062031,76.76961526366824
AGR_0693,2024-11-03,11,Post-Monsoon,27.381288974020507,22.68532645356506,54.44055094680529,0.0,0.13234182751479798,healthy,none,0.0,0.4209,0.3677,0.3288,710.06,0.07826807294159328,0.1556076800470631,0.23344458830928383,0.5727878009474381,12.390003682120375,76.93165175742256
AGR_0694,2024-05-09,5,Summer,31.703763525247847,25.043758759784403,76.7258628247147,0.0,0.28385414775592605,healthy,none,0.0,0.4405,0.2951,0.1834,715.29,0.09645977184006643,0.12124625521691683,0.10705228615210143,0.2756189780198429,12.54137846236676,76.71360151364092
AGR_0695,2024-04-24,4,Summer,36.833271756501766,27.423280662320703,73.30046678032386,0.0,0.0,healthy,none,0.0,0.3737,0.2241,0.2051,714.99,0.08625619025277478,0.13786967326733623,0.12568272894311633,0.27566719583132504,12.571388320553947,76.73816305695944
AGR_0696,2024-08-06,8,Monsoon,22.06953529315723,19.00956980399053,82.56524103156839,0.0,0.3687071032809986,healthy,none,0.0,0.54,0.4085,0.3887,722.61,0.08183479751974564,0.0998360202450802,0.1610265279053703,0.539088810813631,12.663094460719725,76.90572651520685
AGR_0697,2024-06-26,6,Monsoon,29.69841492613711,18.631321084920355,76.16655085808988,2.482449060645276,0.48506165845205984,stressed,environmental_stress,0.5891325546621685,0.5049,0.3472,0.3341,706.02,0.07092081135357971,0.10030131725433647,0.20193375052592927,0.6137953972257544,12.472619587363809,76.75818315927427
AGR_0698,2024-06-22,6,Monsoon,28.183563294369666,19.84723796265433,88.62396221672562,0.0,0.749420293792998,diseased,fungal_infection,0.9173251385599607,0.4257,0.3113,0.2763,701.6,0.1071866106984323,0.09579147286603391,0.16570413324229172,0.41136058290707866,12.41667781010894,76.63831113854685
AGR_0699,2024-12-04,12,Winter,19.472145574253155,16.79726927779143,67.6351056873767,0.0,0.13607863554791413,healthy,none,0.0,0.3997,0.2681,0.2817,714.68,0.03480197265083047,0.08271199959268294,0.1375430260258582,0.3207046035788667,12.66221504589213,76.88115938084698
AGR_0700,2024-07-31,7,Monsoon,27.854912090246476,19.578161920385753,93.8784154852188,0.0,1.0,diseased,leaf_spot,0.8084384718320502,0.4437,0.3605,0.3091,699.94,0.06464324762650617,0.07628376267596734,0.09608740215962376,0.24936434028015247,12.415352665849202,76.7366729404638
AGR_0701,2024-04-10,4,Summer,32.361873662202555,20.19159788390792,72.0194603843948,0.0,0.16467921087553125,healthy,none,0.0,0.3855,0.2446,0.2453,718.49,0.02994499233524138,0.11907163875438327,0.15482156101878827,0.3490728605232402,12.30016024303691,76.70705454106199
AGR_0702,2024-08-11,8,Monsoon,24.581491617756203,20.327289552005738,90.17181428958682,7.231574835666437,0.7165945862812314,diseased,early_blight,0.7501988965286484,0.408,0.2862,0.2657,696.64,0.046116906763508395,0.0989785001837772,0.17503838595124654,0.4163075125326944,12.400297687052635,76.59617157823752
AGR_0703,2024-02-29,2,Winter,25.70219797316704,10.183871670850555,67.12480727376527,0.0,0.05839757955138734,healthy,none,0.0,0.4464,0.301,0.2172,714.25,0.1426301976390549,0.1377930628782808,0.19210372697488182,0.5019126277031595,12.26332923295913,76.67322565367154
AGR_0704,2024-12-23,12,Winter,26.507638739362545,18.636272157968207,42.60215281686603,0.0,0.0,healthy,none,0.0,0.445,0.3205,0.2868,705.28,0.06678536988222056,0.1545866413538622,0.16306757861366822,0.42456333530946055,12.532602051740533,76.85635900147928
AGR_0705,2024-03-13,3,Summer,30.056834353974295,18.238772383311428,68.25100044566406,0.0,0.2601574515484019,healthy,none,0.0,0.4599,0.2766,0.2666,712.21,0.05906376974697823,0.15342270860482637,0.1501918951500048,0.40597138998239585,12.597364670368139,76.98137029302842
AGR_0706,2024-09-29,9,Monsoon,27.269551534654802,18.73717672649174,86.93243894781116,0.0,0.8899282745944024,diseased,fungal_infection,0.8639697181036239,0.3872,0.3006,0.2765,699.02,0.0796905831046591,0.09058011263309897,0.20818998141482353,0.4712812373019635,12.606560136310708,76.89315477635515
AGR_0707,2024-06-28,6,Monsoon,33.64228343860795,20.978261113298576,85.44136510297172,0.0,0.15568546947692685,healthy,none,0.0,0.5914,0.3872,0.3598,723.08,0.08038068352432154,0.10918522983987985,0.0938691588103821,0.3655980894048999,12.669740443857437,76.71428191890286
AGR_0708,2024-11-03,11,Post-Monsoon,29.647285608971803,17.928028470850823,59.46883533715154,0.0,0.0,healthy,none,0.0,0.5546,0.3804,0.2935,718.1,0.06251039603370565,0.0778620728188025,0.12546612069503787,0.4379201419679072,12.465096777250237,76.95073228807236
AGR_0709,2024-07-03,7,Monsoon,28.51477077741785,18.365597860995972,92.12334868392166,3.7529263457559434,1.0,diseased,early_blight,0.7777529449204259,0.4025,0.2995,0.2924,696.89,0.04635087938126164,0.11090657035449855,0.18025146914408918,0.42310072882775757,12.699098939643928,76.50175233176553
AGR_0710,2024-04-13,4,Summer,31.350949038301334,23.110174265103936,87.1576360005245,0.0,0.8948479410097343,diseased,fungal_infection,0.9533545948196089,0.2907,0.2051,0.188,694.54,0.07800556904339724,0.11352365587586624,0.14627183858370985,0.26616814050471493,12.625309104263636,76.53833619098414
AGR_0711,2024-06-28,6,Monsoon,25.841763361519593,22.079964050556633,79.34233407980534,0.0,0.19897917033894622,healthy,none,0.0,0.6057,0.4625,0.4021,720.55,0.09091395532514876,0.10190802276621258,0.1219652220446956,0.49667653319088956,12.638416514473185,76.9097588023753
AGR_0712,2024-08-21,8,Monsoon,29.534062482177994,19.161629660547195,81.19598091459486,7.210118645096822,0.7912590131758469,diseased,leaf_spot,0.7104545665212776,0.4734,0.3091,0.3156,704.91,0.12055242992498144,0.14775879161148836,0.13395196297558631,0.37479077525299825,12.32768281326015,76.94220898742232
AGR_0713,2024-12-08,12,Winter,20.396262107857567,12.446896434871299,48.95086172907324,0.0,0.0,healthy,none,0.0,0.435,0.3064,0.2546,705.84,0.11149172715524686,0.15259440368671146,0.16783039404868513,0.4262594963891384,12.4138464545581,76.820559732526
AGR_0714,2024-11-15,11,Post-Monsoon,26.365675457868534,16.347205293405004,61.08077723170449,0.0,0.02498062600313699,healthy,none,0.0,0.4485,0.3921,0.3105,712.73,0.06299547394661512,0.16545365462296197,0.16856451163688382,0.44273018151591337,12.408910926418558,76.58290311801515
AGR_0715,2024-10-18,10,Post-Monsoon,25.433078452608946,20.227580871557933,54.11664675485797,0.4805808417364707,0.0,healthy,none,0.0,0.5448,0.4015,0.3277,722.21,0.058084162018661796,0.09737882259171704,0.09822811739640364,0.33335412072487763,12.295639493948448,76.92815009684857
AGR_0716,2024-09-10,9,Monsoon,24.997541617049148,21.481095071647363,74.9250298002723,0.9306807152367959,0.15957767096248138,healthy,none,0.0,0.5838,0.3922,0.2969,716.69,0.060822076771042066,0.10090328370821695,0.1796208061319998,0.6835257874864519,12.51747575788049,76.6936089285396
AGR_0717,2024-02-04,2,Winter,27.866178989372074,13.003154845431435,61.23412747701887,0.0,0.0483366940824098,healthy,none,0.0,0.5263,0.3202,0.2214,719.89,0.08389077127261749,0.13338884409908927,0.11721725021706686,0.37768353178448205,12.655713609426574,76.75078207666031
AGR_0718,2024-08-18,8,Monsoon,28.53442078759521,19.680180651497814,90.65679909991492,0.0,0.8824002197227306,diseased,early_blight,0.829565723578505,0.4152,0.3047,0.2882,695.82,0.07540396103812418,0.07297736207299424,0.06620187540528086,0.16020672721195875,12.677333050562583,76.84834201675756
AGR_0719,2024-09-06,9,Monsoon,26.915456784416904,23.026482162353425,91.21131934910744,0.0,0.8828189536197327,diseased,fungal_infection,0.9659513522469482,0.3887,0.289,0.2459,698.49,0.12558625669696044,0.11116433727562089,0.12393252325235188,0.2815394978579111,12.225635166231577,76.69783495704816
AGR_0720,2024-10-13,10,Post-Monsoon,30.381018255835638,16.095212712485317,93.9328915050969,0.0,0.774284449411533,diseased,fungal_infection,0.890341233735358,0.3598,0.2856,0.2834,695.27,0.09083125603076705,0.12188370209501374,0.1292326025449802,0.2744931161209998,12.486377616642427,76.93398188496808
AGR_0721,2024-08-24,8,Monsoon,24.720232028664412,22.396737138746918,85.11469137740607,13.67931796747925,0.8578417688559706,diseased,early_blight,0.827527492706598,0.4167,0.3046,0.27,696.93,0.0835581678282331,0.08787994885750208,0.1288938489528665,0.3130531730010732,12.202399912408685,76.75455684624444
AGR_0722,2024-06-14,6,Monsoon,28.0261129889537,16.103652442285416,86.92757505599454,5.250547295312984,0.6456031101524766,stressed,environmental_stress,0.5713063020750943,0.502,0.3673,0.3127,703.71,0.06782096989687751,0.10237877655905325,0.10826645193825593,0.3265385759262257,12.259286716520474,76.93541631064268
AGR_0723,2024-07-19,7,Monsoon,30.35263391032707,16.966674907428157,82.2059049172163,0.0,0.6410492827695385,stressed,environmental_stress,0.38114073168495266,0.5337,0.3641,0.3095,711.45,0.08394626824580534,0.14320642845321055,0.10796235335244157,0.3550972792979619,12.687550950550099,76.98113903007624
AGR_0724,2024-07-07,7,Monsoon,31.16467723765524,21.888084296298167,75.5866787409161,4.34657167641477,0.6250708118269152,stressed,environmental_stress,0.4451041337273599,0.4997,0.393,0.2845,705.74,0.06626790936303599,0.09462932065660433,0.13928405063366003,0.417518070628223,12.218284906181479,76.59320692358317
AGR_0725,2024-09-20,9,Monsoon,25.873665391835505,17.40135279643442,82.08516072090777,1.6971202382928552,0.7812592703857597,diseased,viral_infection,0.674710922654428,0.4697,0.3544,0.3187,709.36,0.061486093801111474,0.1535633044575989,0.13959879302048914,0.3868910920275559,12.666152841372439,76.80061802897946
AGR_0726,2024-05-03,5,Summer,39.42582860917858,21.26245504766805,44.93488720868474,0.0,0.2612171618618584,healthy,none,0.0,0.3141,0.2475,0.2437,709.77,0.082540853840298,0.09016322261005585,0.1156069811684842,0.22148875047894023,12.246422543265309,76.75840029734532
AGR_0727,2024-11-07,11,Post-Monsoon,33.89876543299562,20.241407709626237,70.21448391586257,0.0,0.08910649694624702,healthy,none,0.0,0.4904,0.3664,0.2723,723.31,0.09645521241658328,0.11157153251556466,0.13412346803382444,0.39226376914759015,12.249452223268525,76.71670642196256
AGR_0728,2024-05-16,5,Summer,39.02063642676036,21.841534781417266,92.46720612881947,0.0,0.6669684489316505,stressed,environmental_stress,0.47142341791327025,0.3982,0.2247,0.2135,706.23,0.05951497378744253,0.0839349489847698,0.1541296663479634,0.35809920154157937,12.631513474074811,76.70833504160319
AGR_0729,2024-05-01,5,Summer,27.120412826237605,21.311504752770055,72.48066364774715,0.0,0.0,healthy,none,0.0,0.3871,0.2761,0.2871,712.97,0.06742293626914432,0.16270923210110186,0.10363808494237876,0.2345511300759889,12.423530777770411,76.96702991004224
AGR_0730,2024-11-04,11,Post-Monsoon,26.88188518220706,15.39515780460012,42.00480999113404,0.0,0.0,healthy,none,0.0,0.5928,0.3253,0.3355,716.29,0.07794702853098737,0.160908218855991,0.13246290531138905,0.5181407553535866,12.208782727851982,76.80960396251491
AGR_0731,2024-09-20,9,Monsoon,29.83480468464905,21.371811252924537,80.20522867848682,8.386383820887959,0.7826455927478261,diseased,late_blight,0.8119545255920755,0.3607,0.2475,0.2436,688.74,0.0780831125858963,0.1502541086951885,0.2020098593290282,0.42996217048179053,12.566844229637928,76.6829934505014
AGR_0732,2024-07-17,7,Monsoon,29.16594173809993,19.462756752123873,76.29092125552769,0.036394273602879446,0.680137298963498,stressed,environmental_stress,0.596420382588345,0.4494,0.3727,0.2601,705.03,0.10545081265171002,0.08026600308328163,0.14561496598049137,0.3833169845479917,12.620180752692658,76.56077831475913
AGR_0733,2024-08-25,8,Monsoon,28.398576048001743,21.361099862007165,92.84087436204047,0.3705926926337277,0.9086811666160405,diseased,leaf_spot,0.7907371215661839,0.4868,0.3075,0.2783,699.95,0.09913721563451366,0.09583615442078383,0.20960501442414187,0.6072500690682271,12.5854492021594,76.57140496289134
AGR_0734,2024-08-05,8,Monsoon,25.432772260145477,17.62815680162629,86.46331650896205,16.085402260511895,1.0,diseased,early_blight,0.9114183285690756,0.3719,0.2922,0.2849,693.47,0.0836356246517432,0.12883256933052145,0.16494613622484594,0.36027639593514754,12.393790833718416,76.78811470588897
AGR_0735,2024-08-21,8,Monsoon,27.212273022053132,21.121893396200164,94.11427704178287,1.4630998530683872,1.0,diseased,early_blight,0.8820319712735167,0.3804,0.3027,0.3124,697.03,0.04779837510442262,0.09350670163539775,0.19638359592573904,0.4375208454097647,12.373483537812241,76.60419260162823
AGR_0736,2024-05-19,5,Summer,33.158372314012105,23.78971703465065,47.27967553125732,0.0,0.0,healthy,none,0.0,0.3547,0.2339,0.2176,717.48,0.0854722916233141,0.1019848009375811,0.19277134825580733,0.40469137685129736,12.5473360018221,76.50405047082366
AGR_0737,2024-11-21,11,Post-Monsoon,29.375384226030103,18.37663583789929,62.276616176071514,0.0,0.1963552833543816,healthy,none,0.0,0.5591,0.3598,0.2634,716.52,0.08469856250176232,0.10837257326233289,0.08338461447036001,0.2948626727619376,12.556124445922006,76.68794197739784
AGR_0738,2024-07-22,7,Monsoon,29.800305615034144,21.085347570715097,86.61590767221672,3.522716785874867,1.0,diseased,early_blight,0.8587713364392987,0.4273,0.2924,0.2668,697.07,0.0595376374077661,0.10170694113330973,0.13660844302873773,0.34045963110689254,12.280804790297681,76.60330604034048
AGR_0739,2024-08-04,8,Monsoon,29.165267510922263,16.77164733007032,95.0,0.0,0.8127215046472359,diseased,early_blight,0.6973478853625504,0.4082,0.3222,0.2835,699.12,0.0960971187636016,0.09502570134829834,0.15381401097331113,0.36600353202537467,12.657625942015379,76.70213135753258
AGR_0740,2024-04-01,4,Summer,36.20628854434186,21.223863317857905,41.572333249771845,0.0,0.0,healthy,none,0.0,0.4332,0.2793,0.2088,719.62,0.06414079109827145,0.11069652507662323,0.19174875782169815,0.4848523636380695,12.648414522420353,76.52632787972554
AGR_0741,2024-06-08,6,Monsoon,30.799250731195542,23.344988175215178,95.0,2.5286270189843547,0.9559111253088121,diseased,fungal_infection,0.7264602767113314,0.4522,0.3367,0.2883,704.71,0.0653325769115714,0.07472281787809142,0.1816092110271651,0.48144011729399255,12.526781110979012,76.8277829504785
AGR_0742,2024-11-27,11,Post-Monsoon,29.420534325451264,12.064845250280747,65.39277723778697,0.0,0.007128726054946169,healthy,none,0.0,0.527,0.3593,0.2938,722.62,0.06464523962741237,0.09715064283192709,0.18111751070321225,0.5847070588663956,12.639592458889549,76.72844727749121
AGR_0743,2024-04-27,4,Summer,34.422678128787624,24.782302431800225,89.0693706208242,0.0,0.4164312658117983,stressed,environmental_stress,0.471036145534517,0.323,0.2506,0.1902,708.79,0.09920386703530984,0.0956229429788138,0.10686479186642767,0.20883621807870573,12.642873766859415,76.64912857818824
AGR_0744,2024-08-30,8,Monsoon,25.520904144202394,19.21554077731195,95.0,2.7641747020185554,0.9927030568118722,diseased,early_blight,0.6134236726589004,0.4085,0.3152,0.2954,704.48,0.03503006931000689,0.08624711018930913,0.12677035637774198,0.30186990187328755,12.64639667821033,76.99915157786698
AGR_0745,2024-06-30,6,Monsoon,27.989557454280394,19.23508916265888,85.38265411489498,0.0,0.7098057912467877,diseased,fungal_infection,0.830924653267343,0.4378,0.2881,0.2985,700.71,0.05798727324330216,0.11669832792631181,0.11209187755131145,0.2866696932466659,12.446380211999545,76.69066848845759
AGR_0746,2024-02-29,2,Winter,29.485643493605707,17.309462709473358,69.5816936579056,0.0,0.22093871259029194,healthy,none,0.0,0.3651,0.2941,0.2811,717.99,0.055068760676811476,0.07106797124415062,0.12035349325460683,0.25877233208672823,12.504452430515018,76.84388651777275
AGR_0747,2024-07-05,7,Monsoon,30.423218667952455,16.696497944658965,87.07206442866992,6.825420416226584,1.0,diseased,early_blight,0.8489253189823511,0.4156,0.313,0.2603,696.49,0.06692683923347406,0.08776759354010152,0.1102802258571308,0.2671332781029336,12.394827957351591,76.50031973043026
AGR_0748,2024-04-21,4,Summer,38.72213327729837,20.017476409742258,56.37220325534725,0.0,0.1988099176905772,healthy,none,0.0,0.4158,0.2372,0.197,713.91,0.09999262087186968,0.14629621536876908,0.011829805886360067,0.028669358394228996,12.255010621495737,76.779920547792
AGR_0749,2024-12-08,12,Winter,24.755842917147636,14.985245774800125,71.17450180111025,0.0,0.0,healthy,none,0.0,0.3876,0.2815,0.2224,718.27,0.07815465296465052,0.08515914507291247,0.13580468530664525,0.3077115959038225,12.455334701218282,76.70833402496005
AGR_0750,2024-06-13,6,Monsoon,26.446584204009653,21.021806758173167,79.98532543286818,15.678162271389194,0.38700351073333455,healthy,none,0.0,0.6259,0.4309,0.3397,719.36,0.07222380429081253,0.13900940892214164,0.15933661844429234,0.6925030952381046,12.526902329692165,76.5474660047828
AGR_0751,2024-06-14,6,Monsoon,26.128490447911677,18.271139372652925,90.5422061576659,1.6210504530257364,0.6186335424862447,stressed,environmental_stress,0.35782629656611187,0.505,0.3319,0.3524,709.09,0.08924148511795034,0.11052725975348715,0.14908136398742197,0.45326758141630313,12.440841161227596,76.52791911043823
AGR_0752,2024-05-24,5,Summer,29.22815423941305,19.53067297865346,64.44789731040458,1.2308795897533198,0.11405803309703902,healthy,none,0.0,0.427,0.1997,0.2243,719.98,0.06400080365094091,0.09367762933804519,0.1201218126804679,0.29915153000877437,12.548609830404294,76.60369935891457
AGR_0753,2024-10-17,10,Post-Monsoon,29.07606862472665,13.98382888159328,51.71497723990376,0.0,0.07262398732709645,healthy,none,0.0,0.4941,0.3767,0.3107,712.25,0.09664539177148415,0.14120311161185686,0.09577402786927924,0.2828542696965608,12.581085552741838,76.93824280654368
AGR_0754,2024-09-25,9,Monsoon,28.24859452560699,20.946673351109933,84.76156974518848,0.0,0.7524584683047614,diseased,viral_infection,0.6508816477351124,0.4651,0.3414,0.3059,705.15,0.061469734904405035,0.10399369122530755,0.08942343750407517,0.24493228320661908,12.32949922726405,76.74416907199766
AGR_0755,2024-08-24,8,Monsoon,29.6461014291847,23.158125092467284,74.77211114443014,0.0,0.08568669988037421,healthy,none,0.0,0.5976,0.4879,0.3858,713.92,0.11704919780426794,0.0964981913562814,0.17857216162844067,0.7089634329463141,12.214050841808822,76.98980694454947
AGR_0756,2024-03-19,3,Summer,31.914922333290075,20.491271049885942,49.31457543683132,0.0,0.0,healthy,none,0.0,0.481,0.1966,0.2459,717.83,0.07438272488850071,0.10412292898430964,0.15274512799731021,0.43586808201159233,12.404133386963212,76.65484028217573
AGR_0757,2024-07-09,7,Monsoon,31.186573922881575,18.375166717873658,75.51807249116334,0.0,0.38918363648106363,healthy,none,0.0,0.5777,0.4253,0.4621,719.5,0.12239597095578814,0.09941320710565582,0.12511504660682726,0.4674260218602685,12.653623534537749,76.6319833683678
AGR_0758,2024-08-01,8,Monsoon,24.81279433847659,19.48702807636167,95.0,0.0,0.6092665338644108,stressed,environmental_stress,0.5134362725592687,0.4961,0.3293,0.2697,706.18,0.10287872626763896,0.14806176450148884,0.16025522512104434,0.4758044102075698,12.22412206156827,76.68581150517889
AGR_0759,2024-07-10,7,Monsoon,29.166635849676126,17.812241542714776,82.06858655493528,3.680112058772649,0.8969128605823953,diseased,early_blight,0.8089115945155785,0.4213,0.3191,0.2714,697.49,0.07796252352932367,0.08036253898150918,0.16439032374808787,0.4037462711995115,12.224529426873131,76.55426389527895
AGR_0760,2024-03-09,3,Summer,31.986481676930435,25.532294348166648,74.31552789731984,0.0,0.0,healthy,none,0.0,0.3797,0.2473,0.2641,724.47,0.08939302972483812,0.11744723518939454,0.144698734983169,0.3218456305920977,12.572315721927023,76.51201927795293
AGR_0761,2024-08-02,8,Monsoon,28.213250749889585,20.101677053219678,86.67983424606226,5.682647203173605,0.9596504205937372,diseased,leaf_spot,0.6602929629185881,0.5045,0.3303,0.3019,703.07,0.06518291547038679,0.15316444057026343,0.05093273775879911,0.15464844391142937,12.64934652690108,76.99884810933061
AGR_0762,2024-11-02,11,Post-Monsoon,28.827131172198293,18.593560438583566,67.87380659590956,0.0,0.03308991850550833,healthy,none,0.0,0.5477,0.3025,0.3732,714.63,0.08133480645859743,0.13124592837403093,0.0906526623095549,0.31019926035042694,12.5267167096239,76.8427884309077
AGR_0763,2024-07-15,7,Monsoon,27.13359247744083,17.11472865797364,85.79646078079973,0.0,0.9365169001048322,diseased,leaf_spot,0.6781067740764216,0.4761,0.3108,0.3258,702.3,0.06030107749765935,0.11658525683077568,0.1673189171217454,0.4714248016098652,12.204792820072196,76.64192307417306
AGR_0764,2024-07-24,7,Monsoon,30.60595672378666,23.69335072508999,82.67887277746217,0.13789673317020262,0.684223181971038,stressed,environmental_stress,0.4659550476773189,0.4884,0.3387,0.3212,710.96,0.09301743107891211,0.07419269444733292,0.1843900304404363,0.5364466796472739,12.690458864089415,76.96581435170673
AGR_0765,2024-05-08,5,Summer,37.57523612781357,18.816889980303444,83.92375648282604,0.0,0.379046351410719,healthy,none,0.0,0.481,0.2673,0.2601,721.07,0.11515289264307066,0.1303584116981423,0.10150852404751877,0.289661125461224,12.47005835468141,76.74695299695468
AGR_0766,2024-12-27,12,Winter,28.81309029829342,14.01877970740864,60.530759527801656,0.0,0.04532219022828973,healthy,none,0.0,0.4055,0.3324,0.2918,705.12,0.08754459173189692,0.08902605072095691,0.12632708493178854,0.2986589030641359,12.295849635580817,76.95563489449175
AGR_0767,2024-05-15,5,Summer,34.090689650742654,19.401733728382403,47.03175662133266,0.0,0.0,healthy,none,0.0,0.5163,0.2418,0.2525,716.66,0.08367447903755343,0.11626505795681243,0.18860749171772728,0.5912456888393423,12.474902629686346,76.948290667982
AGR_0768,2024-03-28,3,Summer,34.11044708868844,18.087002145458683,67.64895550858593,0.0,0.0,healthy,none,0.0,0.4092,0.2998,0.1872,711.86,0.11049402737045848,0.07893808611144501,0.23204864876076028,0.5534918006663226,12.273390360817896,76.98508223226204
AGR_0769,2024-03-30,3,Summer,31.3044115339173,21.421581738077762,44.90723114652444,0.0,0.058664957033866975,healthy,none,0.0,0.397,0.2289,0.1622,720.05,0.11408221041733607,0.129449626062615,0.17496360732736543,0.4053468647368649,12.567557912420197,76.64520546107113
AGR_0770,2024-11-25,11,Post-Monsoon,27.896251366787773,20.928416070200765,41.35536504843132,0.0,0.039475738910799335,healthy,none,0.0,0.4809,0.3828,0.2536,719.33,0.057354417409102076,0.07961171630304421,0.15239411845518736,0.43475332309822184,12.385613823878714,76.82300514547335
AGR_0771,2024-04-09,4,Summer,34.309794969940526,25.55548909431802,78.47453824533554,0.0,0.23214587858909255,healthy,none,0.0,0.3549,0.2239,0.1579,726.88,0.0740629021253606,0.08685997356817454,0.10427357575839678,0.2190052205782852,12.230276128120629,76.84341060799615
AGR_0772,2024-08-15,8,Monsoon,28.991233967088334,21.10212765913644,73.18559482547224,0.0,0.23265080976629748,healthy,none,0.0,0.7181,0.4219,0.3855,717.3,0.08465458349352106,0.10974522393352884,0.186147836356106,0.8,12.616192682857928,76.83389739640329
AGR_0773,2024-11-14,11,Post-Monsoon,28.56779001495521,18.80611635884062,57.27601455528194,0.6859022336159462,0.0,healthy,none,0.0,0.5283,0.367,0.33,723.68,0.0669543031054658,0.1089674398945584,0.18064710390484873,0.5852935528890827,12.493182070661476,76.53864674657524
AGR_0774,2024-07-03,7,Monsoon,27.88673587694841,20.26804813236169,95.0,0.0,0.87313705591175,diseased,early_blight,0.9719204345230891,0.3614,0.2505,0.2872,692.64,0.08496503003205196,0.09890555010215896,0.09601125454692544,0.20468168171027917,12.471196982134199,76.611103603498
AGR_0775,2024-12-16,12,Winter,26.768898881408216,15.828992529003166,71.03527982681511,0.0,0.05065876716972757,healthy,none,0.0,0.4993,0.3364,0.2604,720.83,0.07233810157680412,0.09230782811053267,0.13922024977184053,0.41688220587761243,12.240221600104666,76.57825394954023
AGR_0776,2024-01-25,1,Winter,25.481559290810253,18.385025601984353,82.33195166049002,0.0,0.46950200572652845,stressed,environmental_stress,0.49353096154737996,0.3857,0.2854,0.2727,711.12,0.05945978525791777,0.1552515471978172,0.22432307638139842,0.5060141412041409,12.357535813356614,76.67492618385184
AGR_0777,2024-05-16,5,Summer,40.97371099943579,22.227468792941316,38.46368401946215,0.0,0.21634477466174773,healthy,none,0.0,0.4008,0.2631,0.2815,715.85,0.08454651813646381,0.15891892601776636,0.1468249543991875,0.3432449868531073,12.608563641085071,76.95799600068104
AGR_0778,2024-11-21,11,Post-Monsoon,29.605524564032322,15.588589657030894,63.43618527025318,0.0,0.12878307886750573,healthy,none,0.0,0.4993,0.3911,0.3123,720.72,0.02541191230152532,0.12015615785684838,0.13161578804970078,0.39411134616120713,12.296467218146397,76.60194323773027
AGR_0779,2024-09-07,9,Monsoon,25.33090643966451,23.33090643966451,87.10477666400166,1.3166846303466462,0.9212641190847646,diseased,fungal_infection,0.8951339354793394,0.3845,0.2639,0.2859,696.66,0.05356148239841056,0.12560060319912286,0.08896740069536842,0.2001224472180952,12.547872624178352,76.88701046148255
AGR_0780,2024-11-04,11,Post-Monsoon,31.278469678938556,15.058835245549576,95.0,0.0,0.6663455078790889,stressed,environmental_stress,0.35556699924928137,0.4651,0.3232,0.2857,706.41,0.06429364159473523,0.17846889334342858,0.17942620574565474,0.49145136294252906,12.263263457024538,76.52442081166038
AGR_0781,2024-12-11,12,Winter,27.777712530183155,14.683424015804013,58.99579281485466,0.0,0.0,healthy,none,0.0,0.4647,0.3055,0.2682,722.11,0.0460789032096088,0.18100377235416715,0.16943600071938245,0.4636146277856893,12.570232325472364,76.7204405488093
AGR_0782,2024-05-08,5,Summer,35.87723565252821,22.105886172235646,54.157478072326256,0.0,0.0,healthy,none,0.0,0.3783,0.261,0.1846,716.05,0.0617775421625979,0.1099686867989604,0.08121489925337858,0.1800522690058416,12.37595252787933,76.54715632573138
AGR_0783,2024-07-11,7,Monsoon,27.017321729893062,21.06092053788532,72.54300191386376,0.0,0.23818195499445882,healthy,none,0.0,0.6496,0.4249,0.3555,714.91,0.06539325531976224,0.1433809954313343,0.17907968460195184,0.8,12.402448598219582,76.97548921732188
AGR_0784,2024-04-05,4,Summer,32.90311914352853,25.05611349256404,66.75833135353513,0.0,0.0,healthy,none,0.0,0.3261,0.2686,0.2613,727.54,0.0678513154784291,0.0865224687826128,0.178919946321537,0.3520785588618344,12.660188175160744,76.64395295219875
AGR_0785,2024-01-03,1,Winter,25.49457403141789,15.216414161555,95.0,0.0,0.6921669151069842,stressed,environmental_stress,0.31892255230289,0.3858,0.2821,0.2925,714.92,0.08902976964949894,0.1730757350770999,0.06935275481597791,0.15647842335392734,12.59991472702495,76.80525308702092
AGR_0786,2024-10-05,10,Post-Monsoon,27.98064000752706,17.740987228956257,52.510459088950725,0.0,0.008941544805952387,healthy,none,0.0,0.5866,0.4322,0.3082,714.1,0.12590321344107033,0.11631965868721157,0.14053590384867876,0.5393668723906959,12.292216752798401,76.7460827529276
AGR_0787,2024-03-06,3,Summer,27.99016979463615,25.99016979463615,51.68876873454751,0.0,0.0,healthy,none,0.0,0.4571,0.2467,0.1642,718.81,0.07490784027972233,0.08671171896290908,0.08274492433138943,0.22208073170614764,12.647027306351072,76.74831190703159
AGR_0788,2024-12-24,12,Winter,24.28110949710818,14.330255265304885,95.0,0.0,0.4055165399203954,stressed,environmental_stress,0.5581292004265628,0.2966,0.2784,0.2857,710.22,0.06883836791372265,0.11480378328536811,0.16396748911418868,0.3022465828624638,12.512967557109725,76.96116278911046
AGR_0789,2024-01-22,1,Winter,25.941806034896054,17.185874893098664,82.07645174842457,0.7852045303052027,0.6949956519387341,stressed,environmental_stress,0.3232594234827518,0.4053,0.2715,0.2576,714.08,0.07583752528579416,0.05861902993447801,0.1911429489340346,0.45167847004708056,12.224101121022917,76.83613675860086
AGR_0790,2024-02-06,2,Winter,23.531389984028305,14.69746554486462,58.19473595508647,0.0,0.05239518739379996,healthy,none,0.0,0.4627,0.3204,0.2347,725.22,0.07370797105115902,0.16590556871389683,0.12431491304673586,0.33842438733195707,12.574279492835338,76.95111014327018
AGR_0791,2024-10-13,10,Post-Monsoon,23.92026667020169,17.747919429072937,62.42672541427574,0.0,0.09027810686011536,healthy,none,0.0,0.5189,0.4006,0.311,714.95,0.0713945175662106,0.09083495381552889,0.09078574887988419,0.286623309028593,12.434551487475744,76.71339548508726
AGR_0792,2024-04-25,4,Summer,28.281988828346385,18.375089453022003,62.192516782042084,0.0,0.12762639878735546,healthy,none,0.0,0.4718,0.2676,0.2496,712.3,0.09054579837674655,0.10878257561834367,0.10224183111819067,0.28489119091206555,12.499096939258946,76.59178145405996
AGR_0793,2024-02-17,2,Winter,21.377000941294195,13.675703519314943,78.94759285958665,0.0,0.31237731083486037,healthy,none,0.0,0.4834,0.3108,0.2154,709.39,0.12053150827222535,0.09001288463139864,0.15536736569160425,0.44613230791119973,12.400857959842693,76.72920252651527
AGR_0794,2024-08-21,8,Monsoon,29.67911432660194,22.854613555651735,76.351923155096,5.694110961507526,0.4472482362116852,stressed,environmental_stress,0.37891133972550994,0.4666,0.3412,0.3401,710.93,0.059560366853047136,0.15859022143918228,0.10547734035829,0.290013249661545,12.284048723883304,76.58214628376325
AGR_0795,2024-09-30,9,Monsoon,27.374357888027234,18.814401533642705,84.81284831804842,0.0,0.8413774727492926,diseased,viral_infection,0.7419767857956967,0.4737,0.3322,0.3182,704.71,0.10595833011321525,0.1578773222089245,0.14769988124820335,0.41357650578658045,12.667987042355362,76.99460326289905
AGR_0796,2024-04-02,4,Summer,38.1031201180893,20.72381205832557,70.6624214759737,0.0,0.0,healthy,none,0.0,0.3985,0.2841,0.2256,717.67,0.10501019098129596,0.11841297528610509,0.12471723411436912,0.2899701611121284,12.210285732343847,76.9884637571169
AGR_0797,2024-11-23,11,Post-Monsoon,26.42715628782665,17.08768240553006,74.7133762159043,0.0,0.0,healthy,none,0.0,0.5632,0.3135,0.2999,718.26,0.07233324691598825,0.09051933217415273,0.12626222700477688,0.4518615230170953,12.533543025667772,76.7872688572631
AGR_0798,2024-03-25,3,Summer,30.127295732770726,23.188959046023587,55.546518895303414,0.0,0.0,healthy,none,0.0,0.4198,0.3351,0.2661,721.53,0.10556132209530855,0.13574602733655924,0.1815228160641184,0.44420216175083643,12.50745504290097,76.91118175690622
AGR_0799,2024-06-07,6,Monsoon,26.97223115758811,20.416233354952283,84.25682169235134,2.126249473400788,0.6291852601834516,stressed,environmental_stress,0.308730435396893,0.5525,0.3735,0.3192,702.99,0.06443986182520309,0.11768123372757461,0.07922100884972068,0.2748393658976343,12.402446548411532,76.58512471298087
AGR_0800,2024-12-01,12,Winter,25.913001015681253,14.268564831918813,73.07628199244405,2.1233485086640904,0.0,healthy,none,0.0,0.4476,0.2843,0.2507,718.97,0.0699138853717822,0.11684502797768459,0.1038301835742646,0.27209372509432556,12.479697622319234,76.96636613521018
AGR_0801,2024-06-19,6,Monsoon,31.28653669103774,20.25876486601618,82.3398431613375,0.0,0.6090844329919439,stressed,environmental_stress,0.5420614179806638,0.4851,0.3213,0.3386,704.81,0.07248013236799157,0.17561689337085493,0.21407679477151317,0.617450860196493,12.384802720597634,76.67625923050272
AGR_0802,2024-03-05,3,Summer,47.349255244449374,23.27275176300656,38.967686972485325,0.5253602113389322,0.17871175840893555,healthy,none,0.0,0.398,0.2503,0.2493,708.07,0.1028831694358383,0.07265128871548768,0.13945777791933858,0.32385709888909525,12.325556143409502,76.95775836435836
AGR_0803,2024-10-11,10,Post-Monsoon,27.801879632708477,15.538791027931946,72.03912355911956,0.0,0.24137361354642428,healthy,none,0.0,0.6182,0.3366,0.3341,722.58,0.06752614773679802,0.07900971120482275,0.154071453128106,0.65300792417994,12.251424486030901,76.71538720611875
AGR_0804,2024-12-26,12,Winter,28.83359301217039,16.17393096245833,50.558377230994026,0.0,0.0,healthy,none,0.0,0.5526,0.2486,0.236,714.48,0.13016612546113127,0.17420576652439534,0.2097571257456879,0.7279144243020899,12.4583272003643,76.8048477275725
AGR_0805,2024-12-22,12,Winter,24.008024012871005,15.177430745075378,59.035237787068404,0.0,0.0,healthy,none,0.0,0.4311,0.297,0.2898,719.45,0.07937057259592632,0.16528571978096562,0.03132987725037077,0.07881207124803237,12.617903184808917,76.8692797490579
AGR_0806,2024-01-28,1,Winter,28.73536756596297,17.517202466879567,66.33150028781682,0.0,0.03313292520608076,healthy,none,0.0,0.4284,0.2739,0.3706,726.02,0.07104502155485304,0.06357985967233722,0.12126114314901869,0.3030255718580446,12.293991936038017,76.77042978941253
AGR_0807,2024-01-21,1,Winter,29.73740678877971,12.35454450304374,56.131765711364395,0.0,0.0,healthy,none,0.0,0.4679,0.3186,0.3043,719.26,0.01,0.13510302323540732,0.09170170141965758,0.25297674781792023,12.421642993039619,76.72336077799494
AGR_0808,2024-09-28,9,Monsoon,25.6450611026684,21.414989232741647,95.0,0.0,0.899321636000068,diseased,fungal_infection,0.9177122869450698,0.3915,0.3015,0.2274,692.09,0.07341043472024768,0.13900397427151182,0.146597866789938,0.335235713456366,12.534893501588709,76.63444155613966
AGR_0809,2024-03-15,3,Summer,37.98349451591574,22.375113020586063,68.40673076416765,0.0,0.03273032731755847,healthy,none,0.0,0.4326,0.2317,0.2653,725.67,0.06152998754173558,0.11030930563055476,0.17744506536896948,0.44802220769754253,12.307742810971492,76.79684798940792
AGR_0810,2024-02-17,2,Winter,26.540827883245665,17.249094064334606,53.62002197685842,0.0,0.062237911847311866,healthy,none,0.0,0.4443,0.3374,0.2983,726.17,0.07019199586853675,0.14337901418196705,0.1097484898464822,0.28524337571580743,12.545105388349732,76.86598391917636
AGR_0811,2024-08-23,8,Monsoon,28.60475188192109,20.316193832809418,87.22230558714168,7.205633832690599,1.0,diseased,early_blight,0.6457288287234056,0.4304,0.3101,0.2904,700.81,0.10454661260103537,0.06886798854936294,0.19215814501957137,0.4825544428300473,12.340772966963131,76.53684562618521
AGR_0812,2024-05-22,5,Summer,38.74552053846649,21.42218068371758,53.40749403666554,0.0,0.18860034471603737,healthy,none,0.0,0.4061,0.2856,0.2001,717.26,0.08130969718914423,0.09732969483813304,0.1072176037649071,0.2538452140997405,12.280257707640345,76.53845531936767
AGR_0813,2024-02-12,2,Winter,24.319966668711885,14.404960992245826,65.95925712628717,0.0,0.0,healthy,none,0.0,0.4614,0.2734,0.2708,717.0,0.08522090788495035,0.11318760185651348,0.17206074626394474,0.46685773225051774,12.590920095586494,76.62309367873063
AGR_0814,2024-11-15,11,Post-Monsoon,30.317663602779216,11.885997091342835,78.24594441805671,0.0,0.3726873403339546,healthy,none,0.0,0.5263,0.3721,0.2919,713.87,0.08465740084696732,0.07092515851479674,0.18339133174613398,0.5909018147437709,12.393015524513109,76.96328945857157
AGR_0815,2024-07-13,7,Monsoon,28.50185430162357,19.17625720151373,93.38721498513301,0.0,0.7568885857228747,diseased,early_blight,0.7380203477288227,0.4156,0.2987,0.2634,695.49,0.07117646618412479,0.08590874499888428,0.15926592286443692,0.385791992482712,12.591956190293615,76.66622385912382
AGR_0816,2024-03-25,3,Summer,33.52354792030894,24.4629183766068,68.75187196563535,0.0,0.0,healthy,none,0.0,0.4057,0.2217,0.2614,716.91,0.057950344663424205,0.13039180861048402,0.1953535807458847,0.4620705509919065,12.53574833501623,76.92122603804933
AGR_0817,2024-12-05,12,Winter,25.020156843991582,14.998563845794484,65.51215840010319,0.0,0.16708505294436607,healthy,none,0.0,0.5539,0.3228,0.2263,713.24,0.09751674657531408,0.15994906289903515,0.12432012022186659,0.4330442385401445,12.426362713314969,76.89667241393049
AGR_0818,2024-08-16,8,Monsoon,28.45193613645628,21.936613026519936,79.603340382334,0.0,0.6564260177550549,stressed,environmental_stress,0.35942391916803035,0.5299,0.3682,0.3115,710.67,0.0710045771649492,0.15863668206637627,0.21483096333635782,0.6991488849357453,12.47349792516926,76.62831340195761
AGR_0819,2024-08-01,8,Monsoon,26.83437025185087,17.112142155015547,85.15432704299154,0.9402830811170958,0.897769146108757,diseased,leaf_spot,0.9395009866675373,0.4317,0.3375,0.2896,700.02,0.06048934128770736,0.1430381299054961,0.12894436539557289,0.3248454125230366,12.241862066554454,76.88656933644263
AGR_0820,2024-09-18,9,Monsoon,22.8838986631398,20.8838986631398,91.73198324975154,12.406472312537815,0.7681016300034503,diseased,late_blight,0.7624175636396496,0.3895,0.2793,0.2587,695.32,0.07619273873363884,0.11629061618298256,0.1733745395618471,0.39460102001832353,12.232943569657616,76.73425502495991
AGR_0821,2024-05-14,5,Summer,31.154738432929527,21.80019691893408,31.634238370866967,0.0,0.0,healthy,none,0.0,0.3967,0.2675,0.2755,714.52,0.0883869214732269,0.08566147005370214,0.17964396913066843,0.4158938035551212,12.419190448570465,76.50843143504105
AGR_0822,2024-04-24,4,Summer,39.350418258457644,16.451234468675835,73.13169765258377,0.0,0.14488675321303005,healthy,none,0.0,0.3882,0.3275,0.1817,710.26,0.0636075681091535,0.12017862059634545,0.1061153557204742,0.24078021708264508,12.312379388969344,76.63916353524932
AGR_0823,2024-02-03,2,Winter,29.040816586316907,13.20405558540199,61.65767578719913,0.0,0.0,healthy,none,0.0,0.5453,0.2759,0.2544,715.68,0.07505656775511202,0.11006282073364815,0.16116960404883998,0.5477356259878435,12.497686683274447,76.67137020679442
AGR_0824,2024-02-25,2,Winter,23.038228928421308,14.377333232522412,62.59371334975466,0.0,0.215395656604111,healthy,none,0.0,0.4504,0.3075,0.2199,715.93,0.0686383410730958,0.13939331674189526,0.10678202291623724,0.2817988465023845,12.437322861637943,76.77907074670146
AGR_0825,2024-05-18,5,Summer,35.30411109272158,24.321631520328467,77.6156191544243,0.0,0.2509666209000023,healthy,none,0.0,0.4433,0.3113,0.3141,717.69,0.06915300052779373,0.0832253469395483,0.1673954536145434,0.4339893267502613,12.336664791562331,76.82017367314887
AGR_0826,2024-02-04,2,Winter,27.002819579662756,12.230291592990692,64.80205801427371,0.0,0.1701792101538562,healthy,none,0.0,0.439,0.3129,0.3183,723.76,0.04675529456037814,0.09377085857791231,0.10784241507242677,0.2766225227971874,12.21759267137081,76.52981877304005
AGR_0827,2024-10-08,10,Post-Monsoon,32.18031893485856,19.028868802365917,55.294612995520154,0.0,0.2017775813175065,healthy,none,0.0,0.5445,0.388,0.2665,713.49,0.05598362000329919,0.15822190750548448,0.04789839391917,0.1624128856381077,12.424682935812575,76.74659775989396
AGR_0828,2024-01-18,1,Winter,29.93948343711652,14.515157217875517,79.27384379344386,0.0,0.16846540926934808,healthy,none,0.0,0.5137,0.3009,0.2566,715.59,0.08704195248643716,0.16517790072000194,0.10091854402774693,0.3141279047805892,12.340576507056964,76.76066704285837
AGR_0829,2024-08-20,8,Monsoon,28.65745707896224,20.904874077381887,80.3653855049023,0.0,0.5124621600081776,stressed,environmental_stress,0.5469748808038591,0.5137,0.3549,0.3216,700.8,0.09668064932545536,0.09646670000803081,0.1581001870640918,0.4921164983732588,12.204793008870734,76.50854676006018
AGR_0830,2024-06-07,6,Monsoon,26.28175869077388,19.090983905291452,86.49426901069918,13.608447048747099,0.8703391241791627,diseased,fungal_infection,0.7167020674282341,0.4358,0.3271,0.2792,703.04,0.0618643643146055,0.10167027134346915,0.17922683624252903,0.45610402601386596,12.519516248773348,76.70293983441861
AGR_0831,2024-01-09,1,Winter,23.456858195527367,18.088192854405964,57.92637944965196,0.0,0.04513475478646327,healthy,none,0.0,0.3846,0.3011,0.299,717.11,0.061073723545044076,0.15524442172757075,0.07484076220984691,0.16838563431224252,12.41932934220355,76.50867296342686
AGR_0832,2024-06-21,6,Monsoon,32.15410810900835,19.18246023778852,87.01458411729628,0.0,0.44880771525198965,stressed,environmental_stress,0.31973707260492756,0.5048,0.3642,0.3566,705.92,0.09906207215318305,0.07267918178420511,0.1520982506881361,0.46219193787461066,12.38132968314281,76.96787648573577
AGR_0833,2024-10-08,10,Post-Monsoon,30.430305411016096,22.158828246242468,82.4446373935406,0.0,0.38724090487912366,healthy,none,0.0,0.6647,0.3286,0.3625,719.77,0.05651715255037771,0.11627097183364501,0.1468498845502144,0.7290814280069843,12.200277092292627,76.80415970070004
AGR_0834,2024-03-19,3,Summer,34.55656568551505,22.519536494603546,73.40471517695718,0.0,0.12823149564884942,healthy,none,0.0,0.3405,0.2552,0.2701,710.05,0.0526347248060869,0.07167010703853625,0.11555340677261589,0.23487390717011616,12.569398644924707,76.70085476670667
AGR_0835,2024-03-27,3,Summer,35.330860956238844,21.92426973979613,66.15395886815642,0.0,0.08665715237825009,healthy,none,0.0,0.3826,0.2559,0.2604,715.55,0.08363807073375162,0.11700267429086789,0.16225807093716718,0.3633592628405043,12.615921386292383,76.65921568303865
AGR_0836,2024-12-21,12,Winter,23.26898668081839,11.019367321898931,55.93955171787844,0.0,0.021920418763358845,healthy,none,0.0,0.4012,0.3183,0.2959,713.68,0.10774500511933566,0.13267510879477612,0.14033288141946917,0.32838081737635305,12.476696220114881,76.82214407826389
AGR_0837,2024-05-19,5,Summer,36.390072143621076,21.967182844119744,71.59764329709242,2.768788668045586,0.2676423417844074,healthy,none,0.0,0.4307,0.3074,0.2398,713.58,0.07884267681571318,0.09585744558842586,0.21233179827089793,0.5336081218798063,12.336333995134071,76.5016894234042
AGR_0838,2024-05-21,5,Summer,31.736022829249762,28.364314216136556,68.47704957678832,0.0,0.0,healthy,none,0.0,0.3205,0.2746,0.2456,729.3,0.044911138134852646,0.19967281346737994,0.18026738442354628,0.3503209435339115,12.693497538727186,76.91293171052116
AGR_0839,2024-02-03,2,Winter,30.481944118422007,12.349046038196041,75.4737640535829,0.0,0.19118553243080558,healthy,none,0.0,0.385,0.2829,0.3014,719.81,0.10048460467854436,0.078065639925461,0.07518236442282575,0.16931312963514417,12.662995766959927,76.60889550000618
AGR_0840,2024-03-15,3,Summer,33.68444201331676,24.157982805488317,67.54539736956926,0.0,0.04819678270528922,healthy,none,0.0,0.3833,0.2202,0.2142,721.88,0.04167671237468109,0.08911426454412619,0.15548533605276865,0.3487641727935704,12.542224524231598,76.81141461848058
AGR_0841,2024-10-15,10,Post-Monsoon,34.2171559301828,22.367120784708877,64.92487693156889,0.0,0.0,healthy,none,0.0,0.4671,0.3625,0.3366,706.83,0.08963033908555976,0.10875007054507743,0.1517486980593233,0.4177716549499592,12.251723058346467,76.67378214058087
AGR_0842,2024-02-05,2,Winter,22.005923181025125,14.193597307627755,82.33909949316,0.0,0.14039776035008128,healthy,none,0.0,0.4,0.2998,0.2217,719.56,0.08448486074147397,0.10263112135372389,0.14669004064753868,0.3422767615109236,12.220497955304056,76.94014885870926
AGR_0843,2024-11-28,11,Post-Monsoon,32.59582681308271,16.75431831221754,90.59569671173614,1.597506127590733,0.4051203910573965,stressed,environmental_stress,0.47914521134494414,0.4275,0.2856,0.2771,702.24,0.0734040348590832,0.060380693108207144,0.11513638115726288,0.28708678445762925,12.483102411753572,76.61896208112249
AGR_0844,2024-05-24,5,Summer,30.173076074379725,22.790782241566696,61.35010259939411,0.0,0.03570508152296921,healthy,none,0.0,0.3945,0.2696,0.2762,721.41,0.09518981372908014,0.11315286020545105,0.1770608843204498,0.4077810126917709,12.685470141836475,76.68309841539667
AGR_0845,2024-07-11,7,Monsoon,30.343889928045137,21.415356488054485,89.05227513108734,7.481639086986859,0.9341526404738744,diseased,early_blight,0.6329832311935816,0.4453,0.3198,0.3204,699.17,0.08963015261982611,0.16443709774870785,0.18035391063355186,0.46992159192116917,12.561152164664769,76.9075369953413
AGR_0846,2024-05-16,5,Summer,36.808277590010135,15.983304256279407,66.18935356033371,0.0,0.08243781842244224,healthy,none,0.0,0.4588,0.2477,0.2064,728.72,0.06782168140808592,0.09152551347522389,0.10315015427850724,0.27804036411952393,12.644693278374525,76.61742013576779
AGR_0847,2024-03-07,3,Summer,42.66300225878619,22.538345175209724,72.25165502417477,0.0,0.13930365541273645,healthy,none,0.0,0.4612,0.2289,0.2323,722.45,0.06553853790175711,0.12928666940301453,0.1717335838799619,0.46573331990608824,12.432586848328318,76.54325463446987
AGR_0848,2024-01-08,1,Winter,27.620249447631238,13.239309537689982,73.69063474349342,2.3466453666190827,0.18813190784808687,healthy,none,0.0,0.4109,0.3244,0.206,714.15,0.05151538658227389,0.1136682889439682,0.13105418068504515,0.3138759862986424,12.473324775151697,76.95998326143182
AGR_0849,2024-04-29,4,Summer,33.41217678322647,17.389631458041055,91.36860034781901,0.0,0.4816081044113939,stressed,environmental_stress,0.4930901364358862,0.3713,0.2356,0.2544,705.87,0.07389406048556182,0.11453954793051482,0.12893481548413865,0.28122842766565825,12.602368532383469,76.95936187466691
AGR_0850,2024-11-19,11,Post-Monsoon,32.42420853798033,19.945085413999987,55.38681295427939,0.0,0.0,healthy,none,0.0,0.4938,0.3777,0.3601,722.14,0.11925673910208298,0.09925616812063313,0.12425463280858601,0.3666763541870126,12.449772711661858,76.62612970524378
AGR_0851,2024-10-23,10,Post-Monsoon,29.92401554801949,14.090070949175951,58.22560866940806,0.0,0.0,healthy,none,0.0,0.5117,0.3568,0.2723,723.25,0.11203985309226826,0.14934008927995227,0.2008211689658857,0.6217107538925445,12.25714734057119,76.64553944068783
AGR_0852,2024-12-10,12,Winter,26.43759160982812,16.996949971751732,56.18851978566508,0.0,0.0,healthy,none,0.0,0.5085,0.3154,0.232,714.21,0.0936398659850829,0.1512519855796379,0.17206720929023878,0.5281045477402343,12.481789171388273,76.86784875265313
AGR_0853,2024-04-11,4,Summer,42.587554991488325,24.63888788976794,59.77275200865696,0.0,0.3826647079311938,healthy,none,0.0,0.4153,0.3047,0.2262,720.73,0.09646713658954345,0.06061217172442415,0.13346244790493958,0.3230535360353361,12.504365241292424,76.93811164656582
AGR_0854,2024-12-13,12,Winter,18.093887040738377,14.915363519194106,43.99105444615707,0.0,0.0,healthy,none,0.0,0.4799,0.2632,0.2523,711.82,0.05805317152352363,0.13818150501797172,0.19498025352669135,0.5547996100637388,12.488653209094874,76.80125566877658
AGR_0855,2024-09-18,9,Monsoon,21.233164116062138,19.233164116062138,82.37893250152031,1.3527582571503287,0.32716707315782595,healthy,none,0.0,0.63,0.3768,0.388,718.66,0.07909911043089693,0.100298688006706,0.09577832555343493,0.4219423531137809,12.350543590232606,76.554812493165
AGR_0856,2024-02-25,2,Winter,29.494253085117116,12.202509041013125,67.75919603752129,0.9647521352074977,0.13202429672526672,healthy,none,0.0,0.4511,0.2864,0.2255,720.68,0.06833777045827115,0.14810259790591276,0.18185051198107652,0.48074927661821854,12.360332363111425,76.91001391113271
AGR_0857,2024-03-23,3,Summer,35.665266037500494,18.53124030657062,69.64728658356393,0.0,0.23540487495188822,healthy,none,0.0,0.3511,0.2546,0.2038,722.29,0.12324499098697686,0.09890267147398066,0.18466309723881075,0.38449423744699823,12.526771073353267,76.64548775287443
AGR_0858,2024-10-09,10,Post-Monsoon,27.155260120004748,18.790102285508134,60.86074751911452,0.0,0.0027497168772227945,healthy,none,0.0,0.52,0.3769,0.3218,721.16,0.09428689429515866,0.11811604307736824,0.16729029138402512,0.5297525893827462,12.45696059645072,76.5171716921766
AGR_0859,2024-01-17,1,Winter,28.964155748216022,12.923558848871782,84.35270958167905,0.0,0.4304190389373834,stressed,environmental_stress,0.5302520086186092,0.3683,0.2625,0.2178,704.84,0.11027588510262086,0.14087500139866949,0.11962327268346329,0.2591111667132861,12.592147352394363,76.96134749197718
AGR_0860,2024-12-12,12,Winter,32.307978029399194,13.17307571644195,57.18450607118268,0.0,0.00802190989991421,healthy,none,0.0,0.4363,0.3164,0.2721,711.05,0.10052519062900217,0.15526351466511523,0.10836065396180818,0.2761014853385579,12.618412447201498,76.71281078120941
AGR_0861,2024-03-19,3,Summer,36.31955768151185,21.847599644700658,56.84626784679785,0.0,0.0,healthy,none,0.0,0.3174,0.233,0.2706,716.01,0.06784958180158579,0.09852098330448172,0.15340183440800725,0.2960614952374872,12.268113889159224,76.59054035115398
AGR_0862,2024-01-11,1,Winter,28.719807716904285,17.385285209187142,52.471706140052596,0.0,0.0,healthy,none,0.0,0.431,0.3237,0.2563,715.91,0.09325631232800069,0.12279771499164112,0.10962212038982078,0.27569288976772155,12.513891586858168,76.86642246839396
AGR_0863,2024-10-09,10,Post-Monsoon,30.096049252905715,15.438239107437845,94.43102542847792,0.0,0.5778529522876674,stressed,environmental_stress,0.5877971713524641,0.4084,0.3123,0.3286,707.51,0.06940014136593049,0.1072657224722466,0.12989653944377258,0.3092398346054923,12.383006695920075,76.94017409792599
AGR_0864,2024-10-31,10,Post-Monsoon,29.949351060254642,14.824331872967132,72.68256678930786,0.0,0.0,healthy,none,0.0,0.494,0.3658,0.3348,716.17,0.07419939197067615,0.1326548185848263,0.21104863835185114,0.6231357029598134,12.386404994601602,76.83983793374532
AGR_0865,2024-01-18,1,Winter,27.30252724545189,17.273745534442753,61.73858081335697,0.0,0.0,healthy,none,0.0,0.384,0.3307,0.2807,718.8,0.07443662689804112,0.13055488929958806,0.20064949750489666,0.45080990997853404,12.580323969789012,76.5909403490758
AGR_0866,2024-08-15,8,Monsoon,25.238924151079225,22.114118022713154,76.50207746125372,0.0,0.3864126951636204,healthy,none,0.0,0.6364,0.4088,0.3822,717.58,0.08363355744311189,0.14793378833063517,0.14230442942646357,0.640448207682797,12.382821081352105,76.52273897565301
AGR_0867,2024-09-07,9,Monsoon,29.415564664604492,20.490277543289203,70.77321351058414,0.0,0.0,healthy,none,0.0,0.5829,0.3867,0.2952,719.94,0.07630412510014838,0.08507731231264179,0.06774619024841878,0.2570976853134071,12.598531441601114,76.54681916372373
AGR_0868,2024-01-04,1,Winter,21.14463550430613,11.498447238457015,66.38912001839742,0.0,0.0,healthy,none,0.0,0.4881,0.3006,0.2656,714.99,0.061000085929606096,0.10341747638801034,0.1191140414515223,0.3462660775229739,12.543802550496896,76.67463245292382
AGR_0869,2024-08-25,8,Monsoon,29.960105151387655,19.07753200943819,77.09395999058583,0.0,0.36189498821209,healthy,none,0.0,0.7196,0.431,0.3897,712.53,0.07608192191360703,0.05100418021207838,0.17341929229216727,0.8,12.26896149488185,76.99090860498242
AGR_0870,2024-01-18,1,Winter,22.42268717784958,12.826403192897253,60.144758689382186,0.0,0.0,healthy,none,0.0,0.4259,0.2904,0.2959,720.98,0.04932998778376047,0.10219228921828305,0.20002228986041598,0.4967980893780999,12.589326075537453,76.94499874129056
AGR_0871,2024-02-14,2,Winter,25.882074878832743,12.964335918985704,40.31486929739398,0.0,0.0,healthy,none,0.0,0.3933,0.3016,0.1914,723.11,0.040112248501176506,0.15097577829161826,0.18483355205288063,0.42447434988508087,12.544020483172677,76.66846409659587
AGR_0872,2024-10-24,10,Post-Monsoon,27.285268415453874,15.954534292993788,58.57636363808224,0.0,0.0,healthy,none,0.0,0.5137,0.4209,0.3017,714.44,0.11032657610711191,0.11033973429438654,0.11439073091363747,0.3560626144025767,12.499972145702234,76.61886468113913
AGR_0873,2024-01-16,1,Winter,22.717364703088005,20.717364703088005,66.63990474443675,0.0,0.125215903696611,healthy,none,0.0,0.4376,0.2923,0.2516,721.91,0.08730362080605292,0.12873850997070768,0.18180936997028727,0.464738887392043,12.462744615104658,76.66569654384826
AGR_0874,2024-07-09,7,Monsoon,30.165999525342478,18.131269000248068,95.0,3.5891923525419185,1.0,diseased,leaf_spot,0.9787197111183036,0.4234,0.2931,0.3037,698.37,0.08476547333973417,0.17277497416410653,0.1252390669510169,0.3091662988173386,12.240542170633143,76.89777263820935
AGR_0875,2024-07-20,7,Monsoon,26.263027324433054,19.05284136036399,84.00118065258665,2.483266143258778,0.8291973200066786,diseased,leaf_spot,0.9973470003528355,0.4151,0.3034,0.2936,696.35,0.08664946862164216,0.1601226612471817,0.1398117623651295,0.33825889027679046,12.45266766048857,76.85134951640862
AGR_0876,2024-10-20,10,Post-Monsoon,28.486879134115917,15.91534557903487,63.230439852549466,0.0,0.0,healthy,none,0.0,0.5743,0.3867,0.3213,719.28,0.08407706817451108,0.08548650640103897,0.169493023503429,0.6268096474076775,12.218616302457969,76.62974401161894
AGR_0877,2024-12-04,12,Winter,22.882007485407897,15.663734111966301,47.73543256739394,0.0,0.016068549812565305,healthy,none,0.0,0.5244,0.3436,0.2916,719.98,0.09232788581060719,0.10799827698352422,0.14779594201070714,0.4737176913396173,12.38130847579273,76.56389147728692
AGR_0878,2024-08-21,8,Monsoon,27.79483071522674,20.987572001399453,95.0,0.0,0.99408971461849,diseased,early_blight,0.8444997491334907,0.3701,0.2748,0.2686,695.04,0.07353954221612531,0.14491583767648822,0.23195254476393334,0.5045216408653199,12.4073250888976,76.95167392518303
AGR_0879,2024-01-10,1,Winter,27.277600778059558,14.826293245836457,47.59793277845935,0.0,0.05235600745380406,healthy,none,0.0,0.4502,0.3107,0.274,707.73,0.08954131733516521,0.10387111813542313,0.22118268689047776,0.5834105720781572,12.343877120281162,76.57613534283615
AGR_0880,2024-05-23,5,Summer,40.68889433071354,27.846404695751758,67.68795422341013,0.0,0.10182026755939849,healthy,none,0.0,0.3542,0.3255,0.2528,720.25,0.09899502653751777,0.15184869441599638,0.12243720263005445,0.2567427373825019,12.5277448117665,76.73346108878185
AGR_0881,2024-07-30,7,Monsoon,28.284906211167243,17.438045131122948,76.96710060193243,8.863223960462616,0.38920747738051376,healthy,none,0.0,0.6293,0.4083,0.2595,722.59,0.08144146784272908,0.1431112178722219,0.14099110646556232,0.6196838677214477,12.420683780159894,76.87318633739618
AGR_0882,2024-04-22,4,Summer,34.545672527076846,17.65785599961073,94.0714234908971,0.0,0.30584660797322566,healthy,none,0.0,0.3883,0.24,0.2367,717.54,0.07950701861312673,0.1361301035460569,0.1572707558153527,0.3569380256636491,12.548570675246198,76.67733541330516
AGR_0883,2024-08-01,8,Monsoon,27.24311297236456,18.41250333391078,88.75284135919263,0.2895755579247301,1.0,diseased,early_blight,0.8589768487264813,0.3813,0.2688,0.2532,693.62,0.09274912799860294,0.15973543791265532,0.13566424641556427,0.30288188714048636,12.469350093045692,76.65007993822299
AGR_0884,2024-03-12,3,Summer,30.574914765164962,28.574914765164962,47.27650131346381,0.0,0.02201291874877759,healthy,none,0.0,0.3891,0.2957,0.2077,715.45,0.05706789607308955,0.15366476551245317,0.16064341684268163,0.3652803574008333,12.52284266258712,76.77970105794913
AGR_0885,2024-09-26,9,Monsoon,29.91165427406596,20.366908452944465,89.95479436347759,0.0,1.0,diseased,fungal_infection,0.6224838231464889,0.4692,0.3483,0.3118,705.32,0.09446140648271156,0.11538573666356892,0.1627530817431812,0.45048385022057624,12.544642040875482,76.66905546036807
AGR_0886,2024-12-06,12,Winter,20.212313726157372,15.849965159382846,66.57204329910002,0.0,0.0,healthy,none,0.0,0.4755,0.3035,0.3013,725.19,0.054806235986866264,0.1288214790515722,0.07386672002307101,0.2077985612851121,12.67653716111103,76.62116011568536
AGR_0887,2024-01-26,1,Winter,22.557853585525496,12.070723380805205,79.6300360233314,0.0,0.10387295008495251,healthy,none,0.0,0.4505,0.3008,0.2952,717.65,0.11481042459674787,0.07236375693415856,0.18360867439856327,0.48466675562350503,12.300180152001724,76.77128510170404
AGR_0888,2024-08-01,8,Monsoon,24.6918278815617,19.16263987238994,81.47641322679188,0.0,0.48516189687327094,stressed,environmental_stress,0.41696842926389993,0.5634,0.3494,0.3665,706.26,0.10254251093680442,0.09541022837100824,0.19133747563549244,0.6851511896668092,12.544262201053932,76.82921277209856
AGR_0889,2024-04-21,4,Summer,29.250427079556957,23.662428779538246,55.78364713328237,0.0,0.17570713415311662,healthy,none,0.0,0.4331,0.2359,0.1743,718.99,0.08301046411137393,0.15697227291740043,0.17193791394737704,0.43465201001585124,12.285817508707686,76.60597954512899
AGR_0890,2024-07-21,7,Monsoon,28.404427780366664,22.002061916051147,91.25248383705286,0.0,0.9222889737551236,diseased,leaf_spot,0.8345536088371593,0.467,0.3277,0.2803,701.75,0.09157869866788468,0.1433355882609743,0.12064402532671643,0.3320540059179982,12.651721848270464,76.54864068417344
AGR_0891,2024-02-02,2,Winter,27.214214403137035,15.017510496102123,78.49580559544302,0.0,0.3814252827700275,healthy,none,0.0,0.3852,0.2561,0.2207,723.56,0.11512203179387068,0.09653461638142097,0.13157735880961768,0.29645568871678984,12.384288346919067,76.70759881957096
AGR_0892,2024-08-02,8,Monsoon,28.176366462067993,16.035668791718987,74.30887607321583,3.4225666219409074,0.412712878456596,stressed,environmental_stress,0.3038455000396781,0.5193,0.356,0.3319,711.78,0.07453770873923997,0.16370934858588984,0.16661962601256183,0.5266178443954341,12.21145502994558,76.64719494296962
AGR_0893,2024-05-08,5,Summer,37.969832591276756,17.188968754650688,77.3012862253837,0.0,0.13602486181862433,healthy,none,0.0,0.4595,0.2296,0.3048,725.82,0.07555517858975305,0.17355597235619769,0.1144662946485697,0.3090907623304116,12.45329934809173,76.94523312881219
AGR_0894,2024-11-27,11,Post-Monsoon,31.10675160872474,18.034955123055738,66.81155698327042,0.0,0.0,healthy,none,0.0,0.5218,0.4012,0.3502,715.46,0.07841347607247573,0.11938261718727405,0.2142504152290669,0.6818199119523088,12.327179769403191,76.71599379621257
AGR_0895,2024-02-21,2,Winter,21.578662639689842,16.64045001251911,62.760640823851645,0.0,0.0,healthy,none,0.0,0.4401,0.3098,0.271,715.57,0.049840644412584886,0.11643873682158834,0.10843021512408929,0.2788897174499035,12.266671231822047,76.76167424720957
AGR_0896,2024-06-28,6,Monsoon,24.609548668086816,22.609548668086816,92.4987678247656,2.6641152469582936,0.34703075629983454,healthy,none,0.0,0.4486,0.3675,0.3582,720.52,0.07353126093714527,0.1612237617750648,0.19117759650975807,0.50224857871606,12.64796724814595,76.61934444071565
AGR_0897,2024-01-18,1,Winter,24.624167088662258,16.79832310620826,41.76135952356645,0.0,0.0,healthy,none,0.0,0.3932,0.2554,0.3199,728.56,0.08168346734057048,0.16456785968893942,0.12732355308996843,0.2923321920977983,12.674847090459606,76.74969027282707
AGR_0898,2024-07-28,7,Monsoon,31.59279567584855,20.257617158254817,95.0,0.0,0.8549426538414688,diseased,early_blight,0.8363820263761894,0.4079,0.2868,0.2721,697.07,0.06596988533267288,0.08894845902824547,0.14999328862809191,0.3566552120579135,12.636961839692955,76.66342334856536
AGR_0899,2024-06-04,6,Monsoon,25.65347467083041,22.230500986563563,82.64803833117145,0.10939706411771173,0.418468276333214,stressed,environmental_stress,0.5021596181759065,0.5269,0.3641,0.2921,703.73,0.07856587307430063,0.0928711444004523,0.1816247087535991,0.586182134423738,12.371236278117914,76.78371962563223
AGR_0900,2024-04-03,4,Summer,32.52066201108972,23.507028185331173,78.9428847259347,0.0,0.21857167835004299,healthy,none,0.0,0.384,0.2879,0.1981,722.96,0.06647916791793824,0.13377861293062085,0.09053727094960273,0.20341490745819835,12.23731206070955,76.80872599097216
AGR_0901,2024-05-01,5,Summer,35.09925732526603,17.166991696344496,51.2015274433077,0.5667966975215646,0.0,healthy,none,0.0,0.3769,0.2891,0.2223,723.01,0.060044844346812905,0.08244233218579641,0.22705381622884535,0.5017339103923883,12.319512818401833,76.68450734967297
AGR_0902,2024-05-27,5,Summer,35.519547970097065,24.28608945155901,66.3807863624272,0.0,0.0,healthy,none,0.0,0.3869,0.2251,0.3243,713.97,0.09060150675198769,0.07323849402921588,0.1370766107922337,0.31008245230427167,12.261352849668652,76.51865027393075
AGR_0903,2024-04-18,4,Summer,28.748866413389102,22.499016597851966,83.54307467389394,0.0,0.40684018564711943,stressed,environmental_stress,0.5040597370451712,0.3953,0.2497,0.2524,704.85,0.07028819775909982,0.1721371428550575,0.1109960457685224,0.2561150697218775,12.516854871711555,76.69132057753279
AGR_0904,2024-03-23,3,Summer,28.82468921567125,17.30887408606929,42.322879137062074,0.0,0.0,healthy,none,0.0,0.4541,0.2723,0.1556,719.19,0.05975613162069651,0.12186885693728178,0.1657488673399531,0.44150105880019375,12.658730328629872,76.86283906674426
AGR_0905,2024-04-15,4,Summer,31.998070444881076,23.57269053985609,95.0,0.0,0.7781474618861257,diseased,fungal_infection,0.8038890822265924,0.3001,0.2406,0.1992,697.95,0.06902389954445663,0.12845802909615486,0.16825992141002583,0.3125513985214668,12.25282142443512,76.99088367559898
AGR_0906,2024-04-19,4,Summer,31.91746626278417,23.548271677316855,38.859595118098085,0.0,0.018299098463898524,healthy,none,0.0,0.3531,0.2761,0.1376,711.12,0.08721818174520526,0.15043818288525082,0.1680374926280143,0.35147863854531786,12.691180187661686,76.82669736607642
AGR_0907,2024-10-10,10,Post-Monsoon,30.4182988908887,16.64587430675597,67.30292685875527,0.0,0.14637441249908448,healthy,none,0.0,0.608,0.356,0.38,722.34,0.10284366157079158,0.18502081136229598,0.19402647390199995,0.7959045153939182,12.69932394246711,76.60059207108333
AGR_0908,2024-10-06,10,Post-Monsoon,31.075002213590764,11.61405262644444,37.2261974856412,0.0,0.08185487164399985,healthy,none,0.0,0.5254,0.3667,0.3287,720.54,0.07374895381956093,0.15838945304015983,0.14847045969287628,0.4771951943015454,12.486972661100333,76.74589699003133
AGR_0909,2024-03-21,3,Summer,38.697963274293485,20.741737694247668,76.0421517204922,0.0,0.3360649202521204,healthy,none,0.0,0.3318,0.3107,0.2201,719.12,0.07312687241181175,0.13289056491473403,0.17872696091753462,0.3562235356928653,12.651604162491703,76.58359856473407
AGR_0910,2024-05-29,5,Summer,31.04918924937765,9.942636529708375,50.81796937735652,0.0,0.16278654586586516,healthy,none,0.0,0.4249,0.2653,0.2373,723.06,0.07772246784528518,0.1204510177662537,0.12601401954196273,0.31221939913987606,12.634523551238408,76.82166215683789
AGR_0911,2024-06-19,6,Monsoon,29.292219801945553,24.685893484920204,88.59593999769143,7.848064435112464,0.9974823592884234,diseased,fungal_infection,0.8485717514478018,0.4089,0.3161,0.2927,701.68,0.08110958714966032,0.138070251477518,0.14985528197724504,0.3571833983720869,12.576335874307397,76.58557082487303
AGR_0912,2024-11-19,11,Post-Monsoon,27.853819286282476,18.651529117754677,59.93746900763803,0.0,0.056218953068524175,healthy,none,0.0,0.5748,0.3195,0.3011,732.82,0.06063974070821439,0.15443408375279258,0.1265619692514475,0.4687436245935548,12.591310394538503,76.83190505262515
AGR_0913,2024-05-31,5,Summer,37.036180579188574,28.22786233329243,61.560423687012516,1.907514602552227,0.1579033701092001,healthy,none,0.0,0.4197,0.2719,0.2495,726.11,0.07736126570212493,0.11756814414346278,0.06737191608679517,0.1648249341175652,12.6580755134072,76.97782771262077
AGR_0914,2024-07-28,7,Monsoon,22.926827822113808,19.355108152927492,95.0,0.0,0.5203283234460112,stressed,environmental_stress,0.40697264978486175,0.538,0.3371,0.3219,713.7,0.08052957157071287,0.16293693014829344,0.20951103181668812,0.6974631318919186,12.650313647297448,76.6601258651851
AGR_0915,2024-09-02,9,Monsoon,28.1931777922851,26.1931777922851,85.22852610222068,0.0,1.0,diseased,fungal_infection,0.9620336151043815,0.4501,0.2896,0.2388,695.34,0.0903442043231792,0.1333167851712866,0.19884663000016348,0.52436351729994,12.296617995742434,76.7366770896664
AGR_0916,2024-03-19,3,Summer,33.165211674365274,20.147888792897636,62.42120255664383,0.0,0.17681879440428108,healthy,none,0.0,0.3579,0.3276,0.2867,713.98,0.1013428163938283,0.10032467587857177,0.18070306046771745,0.3821471512367443,12.384400442451147,76.60254067888319
AGR_0917,2024-04-16,4,Summer,42.109297709410725,25.9305845681629,77.96877187627656,0.0,0.5560038598858354,stressed,environmental_stress,0.5724865870461986,0.2901,0.1964,0.1857,702.67,0.03969983120985819,0.11991254545755616,0.11808711514228881,0.21459950309207887,12.44715712402503,76.79422191382027
AGR_0918,2024-01-31,1,Winter,25.531041587233165,11.322636031344931,65.68717902351904,0.0,0.1155911725944232,healthy,none,0.0,0.439,0.2798,0.2736,713.48,0.06042045816463142,0.08977315548843251,0.14103090151487277,0.36175306110499456,12.453338588553548,76.79233005158588
AGR_0919,2024-03-05,3,Summer,32.99958998905208,23.43853168882391,73.09482161517606,0.0,0.0,healthy,none,0.0,0.4185,0.2758,0.2165,720.66,0.08561000045839666,0.1562936456353143,0.07758332866569019,0.18925529099274552,12.20609377550587,76.66603762109067
AGR_0920,2024-04-21,4,Summer,42.462259602748915,22.194998217490767,51.97991546734027,0.0,0.18047718552961078,healthy,none,0.0,0.4096,0.2734,0.2048,716.96,0.08614213369345086,0.10724533153254821,0.17161765949210112,0.40974297564374274,12.586753424400472,76.93560051814585
AGR_0921,2024-02-10,2,Winter,24.112472755405378,15.763597769362915,49.77278695438346,0.0,0.05475265304356202,healthy,none,0.0,0.48,0.3465,0.3085,720.45,0.10137284439180169,0.08755046711207817,0.08990938990638875,0.25589595588741415,12.648528734186145,76.50856104289858
AGR_0922,2024-10-30,10,Post-Monsoon,30.089217092868466,18.196742914110533,58.432665133545136,0.0,0.0,healthy,none,0.0,0.5181,0.3216,0.3843,710.82,0.06823319885384628,0.147239392734154,0.17584181373714924,0.5539436759376765,12.53516003291539,76.95056561964309
AGR_0923,2024-02-16,2,Winter,21.67547591054576,15.798148309116996,85.13036381768697,0.0,0.3589047931985475,healthy,none,0.0,0.4622,0.351,0.2236,719.71,0.10993162802130914,0.09555681670228205,0.18688045300989328,0.5081007779677685,12.341801513629816,76.82717467308116
AGR_0924,2024-10-08,10,Post-Monsoon,29.82534169336003,18.517164613411673,71.62903831971309,0.0,0.03728199258441767,healthy,none,0.0,0.6023,0.3246,0.396,724.71,0.10103868240733242,0.1308443389078722,0.13257208480202723,0.5341218292136993,12.493000863675356,76.64166386930582
AGR_0925,2024-02-19,2,Winter,21.750454497538616,13.31894053182047,62.36962738407738,0.0,0.045520824810164714,healthy,none,0.0,0.4522,0.215,0.2374,719.1,0.07781813583447493,0.13534998900497705,0.19085979945629755,0.5059631266346025,12.281429145818914,76.86716170410926
AGR_0926,2024-08-27,8,Monsoon,28.056718938978428,21.914697447308455,79.91084831400693,0.898020398729848,0.34932625760550745,healthy,none,0.0,0.6407,0.3782,0.2618,715.54,0.056525417055138055,0.10486766798568352,0.23427478095970508,0.8,12.26957741725911,76.9864064307351
AGR_0927,2024-01-14,1,Winter,22.333091644792365,13.95603135121325,31.211997278245263,0.0,0.03583866131281748,healthy,none,0.0,0.4378,0.3102,0.2387,711.39,0.07787582616562001,0.12661820768876644,0.14325235860071492,0.3663611547422766,12.655841502164867,76.80393982193678
AGR_0928,2024-09-11,9,Monsoon,26.347880102062263,24.347880102062263,79.27562450312418,0.0,0.2960222012098632,healthy,none,0.0,0.6203,0.3654,0.3703,718.01,0.1463516598159727,0.14233404519011272,0.06310305443588708,0.26928069292195894,12.359426885307437,76.93070359077709
AGR_0929,2024-12-01,12,Winter,24.775761394753737,13.672031199362634,57.13875636274455,0.0,0.0,healthy,none,0.0,0.4953,0.2887,0.2436,710.73,0.09291827844082076,0.13276318221794922,0.18889457682269217,0.5596474355517569,12.678872316558625,76.66814827063487
AGR_0930,2024-08-29,8,Monsoon,28.802063312278758,19.379352168389207,90.73047880452812,0.0,0.9328706398625093,diseased,leaf_spot,0.9463096489424302,0.3829,0.2929,0.2903,699.35,0.06176435424662717,0.12778259973789477,0.1250463900525096,0.2802246844978375,12.55377667795966,76.86700212727185
AGR_0931,2024-09-29,9,Monsoon,27.1691227173185,18.56763611033068,89.7541227600764,0.5759087455819104,1.0,diseased,fungal_infection,0.8443354626339734,0.4254,0.3048,0.2532,698.02,0.09729366538993023,0.1342176427355036,0.17215569601011593,0.4270635730818295,12.210870403918337,76.61972740704275
AGR_0932,2024-01-27,1,Winter,25.874000929956395,22.851820016915873,42.628598935159616,0.0,0.012129183090008202,healthy,none,0.0,0.4509,0.2789,0.2984,718.32,0.0575095664077221,0.12243373750255508,0.11602330121134777,0.30657113044535517,12.30189691764996,76.51555429209371
AGR_0933,2024-12-17,12,Winter,25.45364866401264,20.551255542463576,37.78377570426076,4.613845162938218,0.04924432723796397,healthy,none,0.0,0.4468,0.261,0.3462,717.76,0.0762815670776194,0.13143195719107054,0.16460521249295842,0.43049678495085364,12.56335004209226,76.67637250625855
AGR_0934,2024-11-27,11,Post-Monsoon,34.16157213955902,15.808171375855716,63.719379800409605,0.0,0.08402754540097593,healthy,none,0.0,0.6143,0.3813,0.2981,721.61,0.09131477008907903,0.12107529884574147,0.16065181425762493,0.6723884463471194,12.681132039017585,76.65028855402701
AGR_0935,2024-03-27,3,Summer,32.612051875817876,28.535123830070464,59.31521904223334,0.0,0.0,healthy,none,0.0,0.4118,0.24,0.2018,713.38,0.12419359949524103,0.11243567728822523,0.12189446527761688,0.2925715846292749,12.203091475481864,76.74699363271507
AGR_0936,2024-07-28,7,Monsoon,28.822011707328272,21.459664225681284,78.90556601011896,3.9233169161621397,0.48140993048243325,stressed,environmental_stress,0.38269061100485835,0.5281,0.3354,0.3405,708.47,0.13380630014577388,0.10291916423727396,0.13259226671208826,0.4293584292492945,12.405044841630575,76.90410641525825
AGR_0937,2024-07-09,7,Monsoon,25.375671327236898,18.788108656403562,83.74272804539089,1.1616321335281659,0.7159214706091923,diseased,early_blight,0.7171954149050426,0.429,0.3139,0.2758,698.79,0.06475405966400588,0.06697216474551262,0.1759967549630417,0.44045422564305886,12.38933733035329,76.85742146442252
AGR_0938,2024-03-31,3,Summer,38.911740833148386,20.531215352653682,87.94502411431446,0.0,0.6893648096122439,stressed,environmental_stress,0.4645915175086731,0.3748,0.2738,0.2144,708.42,0.06966645785932063,0.07104793800666859,0.12751624759407257,0.2804052098405806,12.356287363538929,76.8808604455476
AGR_0939,2024-05-07,5,Summer,41.63767799543284,17.772520960843597,63.569525873242945,0.0,0.1815697963223912,healthy,none,0.0,0.415,0.2507,0.203,716.08,0.039076384587236834,0.08898931584869345,0.10807434631238219,0.26141059834533475,12.258823113907116,76.70239579716026
AGR_0940,2024-03-18,3,Summer,31.30614001376819,22.227683895520276,69.82194630954474,0.0,0.14021818738013903,healthy,none,0.0,0.3024,0.2317,0.2382,712.97,0.020632631395282958,0.1604863894150123,0.1788089606762163,0.3338314082349543,12.575394837474253,76.57193287140342
AGR_0941,2024-07-22,7,Monsoon,29.562930620475314,19.682268617184032,93.42063709684477,1.5244122546980678,0.8283066201747858,diseased,leaf_spot,0.6681326537479478,0.4608,0.3251,0.309,704.51,0.09107351643477002,0.113676760491147,0.18328338499802388,0.49655112908960175,12.605336028381204,76.92682723972466
AGR_0942,2024-01-17,1,Winter,27.302883286802064,17.2215668669173,48.10444405782522,0.0,0.06478049719508239,healthy,none,0.0,0.4472,0.2788,0.2233,714.01,0.12970627849067373,0.12408373902227532,0.16447631345443953,0.4305899436166153,12.413312686738196,76.66741392577768
AGR_0943,2024-05-09,5,Summer,30.110548771982984,19.52511249457159,74.53895658027375,0.0,0.0,healthy,none,0.0,0.4705,0.3073,0.2333,728.51,0.07973799190536292,0.15289299385214528,0.172646454248072,0.4794647988135785,12.519069744245511,76.53240491282693
AGR_0944,2024-01-22,1,Winter,22.755971540198395,9.645184401383686,82.44923199191314,0.0,0.39752645791975993,healthy,none,0.0,0.3784,0.2819,0.2831,704.82,0.06932637400268628,0.13039819021417498,0.12755527810972353,0.2828542396178297,12.380199202559757,76.6958740438026
AGR_0945,2024-12-05,12,Winter,21.105974541725026,15.06620310281059,34.33504285698388,0.0,0.07682485771525432,healthy,none,0.0,0.3967,0.2406,0.3396,714.64,0.09437416585152239,0.12475383555356587,0.18978363715342889,0.43936815185180533,12.504587439689828,76.93752948208447
AGR_0946,2024-12-17,12,Winter,24.26989510912738,15.619190669031116,59.13201224898081,0.0,0.0,healthy,none,0.0,0.4769,0.3498,0.2567,717.12,0.06645072820382891,0.15687850084097785,0.14037363914280845,0.3963254208564592,12.558829303068853,76.96978235161734
AGR_0947,2024-11-27,11,Post-Monsoon,32.681186142727604,27.902915682904585,95.0,0.0,0.6471933772431858,stressed,environmental_stress,0.5693322204765152,0.4487,0.2847,0.2448,706.24,0.0700927074642011,0.1267556767439108,0.20489479323745205,0.5384202556921763,12.334818082608336,76.89308421072468
AGR_0948,2024-04-23,4,Summer,29.46707281337955,21.87838408960646,84.59698544405691,0.0,0.40913131093248867,stressed,environmental_stress,0.3792201407020995,0.3281,0.2551,0.2417,714.44,0.05989741196870939,0.14051818561982682,0.1840147677138044,0.36372974103393907,12.383061489611,76.7189129058172
AGR_0949,2024-08-14,8,Monsoon,32.959889046385534,18.296057509900052,87.3696035468387,0.0,0.690519256737189,stressed,environmental_stress,0.3465280818813007,0.5686,0.3557,0.2848,707.9,0.06498199268088364,0.1356478548105752,0.19608854652274674,0.7129914095400568,12.482736065775125,76.61297635542662
AGR_0950,2024-08-09,8,Monsoon,25.523757815072905,19.1647745492882,77.7774260009949,8.650017592828895,0.5835506256753986,stressed,environmental_stress,0.3343972489573772,0.5453,0.3915,0.3062,709.93,0.0746762753537927,0.1001674461253873,0.13290463857371743,0.4516770133889719,12.226477900225662,76.79750421084834
AGR_0951,2024-07-12,7,Monsoon,26.014822480413663,22.418738356669525,79.66989290911367,0.0,0.5515479665687611,stressed,environmental_stress,0.3705466710025251,0.5219,0.3782,0.3395,711.05,0.08752777123778399,0.1281582177282162,0.14792326564895755,0.47087307674366974,12.389796821911219,76.81931269955122
AGR_0952,2024-03-28,3,Summer,36.86368408518892,17.88298477958812,64.34707175035467,0.0,0.040830958970351675,healthy,none,0.0,0.3878,0.3651,0.2271,722.38,0.09153099722905328,0.19004338560873685,0.09277417129449461,0.21031034779892127,12.477732502954336,76.57057090073788
AGR_0953,2024-05-26,5,Summer,28.821677132857907,14.867290510218693,75.50332866923434,0.0,0.26783182731341615,healthy,none,0.0,0.4047,0.2528,0.2008,717.3,0.0846119603778782,0.13133646846843694,0.14210839643519724,0.33532616239294744,12.697943137879857,76.79992061057156
AGR_0954,2024-08-06,8,Monsoon,27.888975717780298,18.317903139203413,95.0,0.0,0.751284576429023,diseased,leaf_spot,0.8138958861654044,0.4599,0.3268,0.2881,700.25,0.03958812999335323,0.12426579405423929,0.16201523747831542,0.43793009663875704,12.278352173897973,76.77040603539903
AGR_0955,2024-06-16,6,Monsoon,27.85651046140626,20.408913376102195,95.0,0.0,0.7966932342904187,diseased,fungal_infection,0.8007414854466606,0.3984,0.2931,0.2758,700.83,0.06574492420584233,0.13251498089468514,0.14557389268189805,0.3383818675637737,12.362824243253169,76.99176186087398
AGR_0956,2024-03-10,3,Summer,32.25058226256682,25.29470741057028,30.0,0.0,0.0,healthy,none,0.0,0.3927,0.2662,0.2493,721.01,0.08556018569773,0.08755776456116171,0.16296093736888262,0.3737126584449907,12.274342196178347,76.93391624836725
AGR_0957,2024-09-15,9,Monsoon,29.90605543389742,18.11266437004165,69.73510086680554,0.0,0.17882442421490133,healthy,none,0.0,0.5532,0.4403,0.3355,726.57,0.10310670093970853,0.15995830995320212,0.15320693554901849,0.5325895530320848,12.640189362593086,76.92487036407269
AGR_0958,2024-07-03,7,Monsoon,32.75703751930227,21.91187612035662,95.0,9.574119993295724,0.7055453335157699,diseased,early_blight,0.7603249777262999,0.4134,0.2849,0.2821,698.95,0.08575364087351445,0.17025389819070677,0.14849128200937634,0.3577865291374915,12.480602826549434,76.79804926383505
AGR_0959,2024-05-05,5,Summer,38.02690801141371,25.746333750478414,49.113509955582515,0.0,0.260682092470068,healthy,none,0.0,0.3538,0.29,0.2731,720.87,0.05421875736743921,0.08610769002806141,0.21948495427396136,0.4598247154071323,12.446507730850469,76.84701424408735
AGR_0960,2024-10-01,10,Post-Monsoon,29.55381123654782,19.44183364574578,87.81276848095669,0.0,0.7101607718690011,diseased,fungal_infection,0.9973934086824998,0.3886,0.2542,0.243,698.6,0.08294021667225727,0.15411176580136565,0.11354879772388166,0.25788986018871785,12.396706788175212,76.86696822736664
AGR_0961,2024-10-24,10,Post-Monsoon,29.384122435114456,23.12239773751093,95.0,0.0,0.5824272938297548,stressed,environmental_stress,0.5635892778519022,0.455,0.3312,0.2964,703.49,0.08555389800869487,0.11704760233591877,0.11791803014966662,0.314808685995899,12.24879876992437,76.8639511915563
AGR_0962,2024-08-09,8,Monsoon,23.496986656304287,20.78876172115792,86.41852916378733,0.0,0.6172346227104691,stressed,environmental_stress,0.48453965544400524,0.5035,0.357,0.3086,709.58,0.07984767331842228,0.15465179003156518,0.19536187710127378,0.591594324716546,12.214791422272619,76.68147129608782
AGR_0963,2024-05-29,5,Summer,36.26430002696738,23.124261619607523,70.06136413835398,0.0,0.0,healthy,none,0.0,0.4169,0.2489,0.2669,716.03,0.11347688519536074,0.12117293986801206,0.15951859567599552,0.3876211596867057,12.516289682110143,76.68408175692565
AGR_0964,2024-11-18,11,Post-Monsoon,27.97218700558852,21.967645388494983,52.10842719807034,0.0,0.14168340821388029,healthy,none,0.0,0.5726,0.3733,0.3464,718.27,0.0798160567189815,0.12853271221355914,0.2360994453118927,0.8,12.477817378602484,76.81704402880706
AGR_0965,2024-10-19,10,Post-Monsoon,28.578185411930463,17.552968151044197,46.025087656084395,0.0,0.01260399597358132,healthy,none,0.0,0.4384,0.3665,0.2815,715.86,0.08852333560280413,0.08622702241859889,0.15964138488568483,0.40888206556191076,12.331263785454645,76.68066970988474
AGR_0966,2024-05-09,5,Summer,31.394080844566272,25.899756934185433,70.9238265081204,0.0,0.0,healthy,none,0.0,0.425,0.2426,0.1178,715.0,0.06266858891149008,0.13047036805884238,0.2814289485472737,0.6974543507475913,12.457223214067653,76.78474591926
AGR_0967,2024-06-01,6,Monsoon,30.085498052854767,22.706817024523907,86.49668460105673,0.0,0.6708450517993552,stressed,environmental_stress,0.47697695348214453,0.5347,0.3499,0.3325,709.79,0.07964722680377756,0.07012499088098247,0.14289769558934806,0.4713197795421716,12.375538119371619,76.94254205968673
AGR_0968,2024-08-26,8,Monsoon,29.355692758349413,21.574716093388673,79.05410906577525,11.823337472401557,0.7933992223153785,diseased,viral_infection,0.7439328128370235,0.4845,0.3346,0.3197,703.56,0.09760972920448263,0.1299917530520114,0.13738887250191423,0.3956426405995958,12.39053533821721,76.8872801249573
AGR_0969,2024-01-31,1,Winter,25.694556316139384,12.159484064837145,58.53622196408562,0.0,0.0,healthy,none,0.0,0.4647,0.3226,0.2459,704.93,0.056832019461975206,0.14958901105985037,0.12045878849658449,0.32960206895375926,12.640330439220776,76.63056373077954
AGR_0970,2024-11-17,11,Post-Monsoon,29.10631396576941,19.854867909932125,71.2498859082289,0.0,0.0,healthy,none,0.0,0.549,0.3363,0.308,729.52,0.055782519337646636,0.13124798605343047,0.23483331981336142,0.8,12.416353224624352,76.8397236679083
AGR_0971,2024-06-30,6,Monsoon,27.17954730008511,17.513275478640217,76.57224772741378,0.0,0.15825510309446808,healthy,none,0.0,0.6411,0.3866,0.339,724.47,0.06503458004051871,0.1385678284078571,0.08170268358204465,0.3735922931916787,12.40777999721857,76.55888199613831
AGR_0972,2024-05-24,5,Summer,28.142994332490762,18.192183044168544,76.7627031556875,0.0,0.2860250586518004,healthy,none,0.0,0.4059,0.3051,0.2343,725.22,0.07601017577087216,0.13030091703889923,0.14433591853105848,0.3415618041791198,12.507458621208029,76.61549493659997
AGR_0973,2024-11-06,11,Post-Monsoon,27.22860650573845,16.16845034911522,76.60739128948852,0.0,0.238525781685358,healthy,none,0.0,0.4383,0.3348,0.3779,717.68,0.08211671995352801,0.13661403805539643,0.18192520844783935,0.4658412449893668,12.626402656851473,76.58690047726928
AGR_0974,2024-04-02,4,Summer,39.725828229937925,21.87335842592806,62.87341798258796,0.0,0.18375129824284114,healthy,none,0.0,0.4335,0.2744,0.2501,709.49,0.08896640021351049,0.08674673353718357,0.14901915530373144,0.37708554126725335,12.527590906838434,76.78956395837776
AGR_0975,2024-03-18,3,Summer,30.74718672220948,18.89532694393265,79.90534514450957,0.0,0.1888645597614489,healthy,none,0.0,0.3839,0.2411,0.2468,728.93,0.06990569076329697,0.106994645363894,0.17238646281297473,0.38721899997869785,12.608673161691394,76.61745313056562
AGR_0976,2024-04-21,4,Summer,28.16175510012365,23.171146192292007,57.125771852344506,0.0,0.04761618799059252,healthy,none,0.0,0.3876,0.2834,0.2915,714.09,0.07068971710199713,0.11870500338152253,0.14477269153631245,0.3280316570473336,12.301747550270155,76.7778320365744
AGR_0977,2024-07-23,7,Monsoon,30.377078711923488,15.57016659102055,92.43709338174685,0.0,1.0,diseased,leaf_spot,0.8516228698087303,0.4679,0.3156,0.2629,701.06,0.048581651183042224,0.11967359719481044,0.10052629643506061,0.2773210872712375,12.24505706037475,76.97086403497524
AGR_0978,2024-10-05,10,Post-Monsoon,28.443509457240342,15.499294645492384,70.96842640198923,0.08515671595680521,0.0,healthy,none,0.0,0.549,0.3137,0.3033,717.07,0.09935624421609071,0.09233027831196791,0.09056667041811264,0.311059362478174,12.331085775870807,76.74557658715523
AGR_0979,2024-06-13,6,Monsoon,29.334166786222532,21.396387399759913,90.99627505811513,0.0,0.652642789006079,stressed,environmental_stress,0.5745423596942729,0.4609,0.3323,0.3463,706.77,0.06487426701049344,0.1264361106850953,0.08301188450207465,0.22495281407731563,12.670901679800489,76.78630862265717
AGR_0980,2024-06-05,6,Monsoon,28.145617419467907,22.168233091809814,80.39195263603808,11.675885852498773,0.7850653271337219,diseased,viral_infection,0.6083931985145212,0.5169,0.3545,0.2953,702.8,0.05742073469733669,0.1917903688430036,0.1789110709573109,0.5617681712588386,12.253182066513583,76.60547635962638
AGR_0981,2024-01-09,1,Winter,25.565837025925035,16.832214177043728,30.0,0.0,0.041395018280723984,healthy,none,0.0,0.4702,0.2772,0.2188,722.87,0.05300554179913122,0.119477025174508,0.12113086044526337,0.33613928091095924,12.266936484556371,76.90986927046312
AGR_0982,2024-06-02,6,Monsoon,26.548657728491342,20.056678969773763,86.33069693472275,0.0,0.6580262708642722,stressed,environmental_stress,0.5130106753806604,0.4859,0.3584,0.2899,709.05,0.08465646124260157,0.10908178069957832,0.16319729615400286,0.4716881197339678,12.602786726407375,76.99554407756081
AGR_0983,2024-09-13,9,Monsoon,29.778566995311035,21.755225629055982,78.63925748289319,0.0,0.3814734085069642,healthy,none,0.0,0.5612,0.4137,0.3728,719.82,0.0764402758409731,0.06134741658245551,0.1132953604357467,0.4030918794719411,12.469544502603396,76.89838643028492
AGR_0984,2024-08-20,8,Monsoon,23.863250353848002,16.117253742034645,80.48510757151072,0.0,0.41829733603052616,stressed,environmental_stress,0.46172704350667426,0.5152,0.3297,0.3138,704.49,0.07641792892734699,0.16226732272448777,0.16836971225517244,0.5262248102496644,12.293384208135004,76.86927493718505
AGR_0985,2024-08-17,8,Monsoon,25.837645609570036,18.780696348585646,82.86964229140845,4.553833955055667,0.9422410709276691,diseased,leaf_spot,0.8786425549443246,0.4173,0.322,0.2674,700.59,0.13119124500646548,0.12033707103720387,0.14596732953212227,0.35503603251394694,12.666399028436489,76.66728884455644
AGR_0986,2024-06-18,6,Monsoon,29.652438505550514,19.596107862493962,74.99979475529916,0.0,0.03057011907497771,healthy,none,0.0,0.5518,0.4245,0.3569,722.92,0.07353456120569465,0.1421857440241288,0.14841400695881923,0.5138528692518868,12.334918802408938,76.85761464488814
AGR_0987,2024-12-14,12,Winter,22.83159628870608,20.353803166241608,76.9962890850182,0.0,0.07871683890410414,healthy,none,0.0,0.4866,0.3527,0.2002,717.52,0.069134653136813,0.11926994201216459,0.19587913129897325,0.5671872157948064,12.47616168432775,76.6009525602576
AGR_0988,2024-02-27,2,Winter,26.21884715746703,14.623279705783645,61.270085641311425,0.0,0.0,healthy,none,0.0,0.4078,0.383,0.2767,710.52,0.06378515819503411,0.13237845869247564,0.12079894900612377,0.28716778184873526,12.309998576335271,76.96035656178438
AGR_0989,2024-03-25,3,Summer,32.57196760115457,24.47363444616036,74.97492089952857,0.0,0.0,healthy,none,0.0,0.4791,0.2857,0.2476,715.69,0.06782696591652133,0.050205048942719974,0.1382341719361559,0.39251711213432183,12.341390902801514,76.74937577054548
AGR_0990,2024-08-20,8,Monsoon,21.489517184319535,18.089196269786896,79.79862182331074,17.7205215144348,0.5673797210636309,stressed,environmental_stress,0.4721752331878737,0.4974,0.3391,0.3712,715.41,0.0828657334376405,0.09729658898937399,0.20901816524169176,0.622729408342438,12.255919902420805,76.65666391607566
AGR_0991,2024-10-01,10,Post-Monsoon,25.659728681014606,22.1246582734317,62.358100948443756,0.0,0.024603007421774632,healthy,none,0.0,0.5559,0.3752,0.2939,717.33,0.08587521835106741,0.0779803617407128,0.15318377011054082,0.5366778381332817,12.50545928875863,76.90530993313968
AGR_0992,2024-04-15,4,Summer,23.7395052403766,21.391094970556345,67.02409295244874,0.0,0.0,healthy,none,0.0,0.4216,0.2804,0.2244,719.65,0.07407100970803884,0.14222177048947926,0.1942917702954244,0.47753316156980524,12.352348170043143,76.52648320280485
AGR_0993,2024-01-29,1,Winter,22.430185131617996,20.430185131617996,70.15385720769494,0.0,0.08753560773458002,healthy,none,0.0,0.4379,0.2745,0.2409,714.3,0.11421335483041556,0.1448475137498724,0.18462625129462112,0.472289782488055,12.22003028163029,76.83812340603092
AGR_0994,2024-03-08,3,Summer,36.27088694005174,21.88107376631526,44.46589164945209,0.0,0.0318126862373696,healthy,none,0.0,0.4183,0.2761,0.2044,710.42,0.05460153825344906,0.1558840115127332,0.12546984741399714,0.3059203792114013,12.232845214670323,76.8778038567509
AGR_0995,2024-02-08,2,Winter,23.983274362972498,14.692255919277367,48.927569220023265,0.0,0.22252106643869093,healthy,none,0.0,0.4181,0.2707,0.2572,717.1,0.06022345195586505,0.08284904306618637,0.20425004186794335,0.49776075678455145,12.29625851109845,76.90948168401374
AGR_0996,2024-08-08,8,Monsoon,29.181298726912125,23.464970015391252,79.4369802761299,0.27712320852270855,0.49154535210773653,stressed,environmental_stress,0.47199412337145663,0.4746,0.3807,0.3042,708.59,0.0859226717977121,0.10235540624038293,0.20803197865234957,0.5838674452241239,12.615860560139959,76.92631121873806
AGR_0997,2024-06-03,6,Monsoon,25.476293516652277,23.476293516652277,84.18478102579658,0.0,0.4324431471408784,stressed,environmental_stress,0.35776044531713197,0.5493,0.3988,0.3458,708.42,0.07377441432240928,0.09043236537985332,0.19266006636724164,0.6622769931723264,12.28318136215586,76.57386176419857
AGR_0998,2024-12-14,12,Winter,24.8892914778137,14.96729640870186,60.71587223916433,0.0,0.0,healthy,none,0.0,0.4505,0.2762,0.255,715.89,0.07144331568564255,0.18008841252228858,0.13238697261295237,0.3494582416289125,12.582932993469404,76.65287941157784
AGR_0999,2024-07-17,7,Monsoon,25.575208524799226,19.970879832761646,85.76698325488422,3.1926799837698763,1.0,diseased,early_blight,0.9799905094196744,0.3293,0.2644,0.2517,693.21,0.054031856822123345,0.0987292004147158,0.17754944025738345,0.3518957371912029,12.230485859779765,76.77276713829131
